TAGID,TAGNAME,MOVIESWITHTAG,AVGTAGRELEVANCE,AVGRATINGFORTAGGEDMOVIES,UNIQUEUSERSRATINGTAGGEDMOVIES,TOTALRATINGSFORTAGGEDMOVIES,RATINGVARIANCEFORTAGGEDMOVIES,RATINGLIFTVSAVERAGE,TAGEFFECTIVENESSLEVEL
924,skinhead,10381,0.023,4.06,85573,225209,0.9,15.16,Highly Effective
163,brilliant,10381,0.03,4.06,135507,2452331,0.89,15.16,Highly Effective
1078,vienna,10381,0.039,4.05,101108,769458,0.87,14.88,Highly Effective
31,afi 100,10381,0.027,4.05,132585,1890691,0.92,14.88,Highly Effective
407,francis ford copolla,10381,0.06,4.05,129487,1772810,0.9,14.88,Highly Effective
657,miyazaki,10381,0.008,4.04,20143,60213,0.86,14.59,Highly Effective
699,neo-nazis,10381,0.011,4.02,71748,134298,0.9,14.03,Highly Effective
976,studio ghibli,10381,0.011,4.02,20702,63990,0.87,14.03,Highly Effective
917,short-term memory loss,10381,0.029,4.01,120533,688795,0.9,13.74,Highly Effective
591,kubrick,10381,0.02,4,90721,598677,0.95,13.46,Highly Effective
593,kurosawa,10381,0.011,3.99,29389,67111,0.89,13.17,Highly Effective
764,palestine,10381,0.02,3.98,62475,118992,0.92,12.89,Highly Effective
696,nazi,10381,0.051,3.98,126425,1180089,0.92,12.89,Highly Effective
794,poland,10381,0.071,3.98,135658,2259052,0.91,12.89,Highly Effective
433,german,10381,0.08,3.98,125256,1649257,0.9,12.89,Highly Effective
515,holocaust,10381,0.029,3.98,100140,401554,0.89,12.89,Highly Effective
706,new zealand,10381,0.017,3.97,63571,167498,0.97,12.61,Highly Effective
633,marx brothers,10381,0.009,3.97,16410,37893,0.9,12.61,Highly Effective
430,genius,10381,0.047,3.97,136711,3243480,0.93,12.61,Highly Effective
15,aardman,10381,0.006,3.97,31921,68522,0.95,12.61,Highly Effective
571,italian,10381,0.023,3.97,83252,313123,0.96,12.61,Highly Effective
140,black and white,10381,0.126,3.97,137045,5056267,0.91,12.61,Highly Effective
572,italy,10381,0.046,3.97,92228,517096,0.95,12.61,Highly Effective
434,germany,10381,0.046,3.96,106239,686029,0.9,12.32,Highly Effective
918,silent,10381,0.094,3.95,122287,2324829,0.92,12.04,Highly Effective
249,confrontational,10381,0.061,3.95,133688,2508863,0.87,12.04,Highly Effective
398,flashbacks,10381,0.057,3.94,135076,2441198,0.9,11.76,Highly Effective
753,oscar (best foreign language film),10381,0.167,3.94,137586,5761449,0.91,11.76,Highly Effective
746,oscar (best actor),10381,0.11,3.93,138340,6733630,0.9,11.47,Highly Effective
492,harry potter,10381,0.012,3.93,76384,301147,0.97,11.47,Highly Effective
69,anti-war,10381,0.038,3.93,112416,827802,0.91,11.47,Highly Effective
1055,understated,10381,0.068,3.93,134004,2890730,0.89,11.47,Highly Effective
125,berlin,10381,0.07,3.93,100623,827864,0.9,11.47,Highly Effective
395,firefly,10381,0.058,3.93,132821,1740530,0.94,11.47,Highly Effective
409,free to download,10381,0.082,3.93,115098,1466454,0.94,11.47,Highly Effective
712,noir thriller,10381,0.074,3.93,129923,1797476,0.92,11.47,Highly Effective
853,rio de janeiro,10381,0.033,3.93,71801,216391,0.92,11.47,Highly Effective
721,notable soundtrack,10381,0.094,3.93,136121,4166596,0.92,11.47,Highly Effective
237,communism,10381,0.027,3.92,76411,362784,0.9,11.19,Highly Effective
32,afi 100 (laughs),10381,0.076,3.92,130701,2892895,0.92,11.19,Highly Effective
756,oscar (best picture),10381,0.087,3.92,138324,6283703,0.91,11.19,Highly Effective
296,depressing,10381,0.113,3.92,137594,5947795,0.91,11.19,Highly Effective
714,non-linear,10381,0.08,3.92,135994,4216878,0.93,11.19,Highly Effective
293,death penalty,10381,0.072,3.92,134696,2581999,0.89,11.19,Highly Effective
711,noir,10381,0.081,3.92,134879,3163732,0.92,11.19,Highly Effective
303,dialogue driven,10381,0.086,3.92,136764,4163161,0.92,11.19,Highly Effective
189,cathartic,10381,0.085,3.92,137009,3714041,0.92,11.19,Highly Effective
402,foreign,10381,0.156,3.91,138082,6408686,0.92,10.91,Highly Effective
948,spanish,10381,0.09,3.91,118897,1906602,0.92,10.91,Highly Effective
677,mozart,10381,0.058,3.91,135476,2029496,0.94,10.91,Highly Effective
489,hannibal lecter,10381,0.004,3.91,78051,147680,0.94,10.91,Highly Effective
241,complex characters,10381,0.124,3.91,138284,7205152,0.91,10.91,Highly Effective
700,neo-noir,10381,0.06,3.9,132900,2505966,0.93,10.62,Highly Effective
534,imaginary friend,10381,0.023,3.9,88417,385310,0.94,10.62,Highly Effective
946,spaghetti western,10381,0.02,3.9,92634,323523,0.94,10.62,Highly Effective
4,1920s,10381,0.086,3.9,132990,2900770,0.93,10.62,Highly Effective
884,schizophrenia,10381,0.043,3.9,131244,1647067,0.93,10.62,Highly Effective
1121,world war ii,10381,0.056,3.9,116286,1045059,0.95,10.62,Highly Effective
749,oscar (best cinematography),10381,0.134,3.9,138404,7503091,0.92,10.62,Highly Effective
54,amazing cinematography,10381,0.124,3.9,138208,7189535,0.93,10.62,Highly Effective
352,ennio morricone,10381,0.034,3.9,77479,372684,0.9,10.62,Highly Effective
773,perfect,10381,0.1,3.9,138390,7269526,0.93,10.62,Highly Effective
1059,unique,10381,0.059,3.89,134767,3289168,0.94,10.34,Highly Effective
697,nazis,10381,0.055,3.89,118658,984291,0.95,10.34,Highly Effective
805,poverty,10381,0.059,3.89,118768,1108189,0.9,10.34,Highly Effective
751,oscar (best editing),10381,0.062,3.89,137934,4561182,0.92,10.34,Highly Effective
782,photography,10381,0.144,3.89,138392,8156832,0.92,10.34,Highly Effective
393,film noir,10381,0.118,3.89,136661,3895528,0.94,10.34,Highly Effective
1030,tolkien,10381,0.016,3.89,78774,285202,1,10.34,Highly Effective
635,math,10381,0.031,3.89,129595,1097280,0.9,10.34,Highly Effective
281,cyborgs,10381,0.037,3.49,124038,1251476,1.08,-1.01,Moderate
414,fun,10381,0.251,3.49,138492,15609363,1.06,-1.01,Moderate
886,sci fi,10381,0.236,3.49,138493,15426238,1.07,-1.01,Moderate
222,cloning,10381,0.065,3.49,137328,3422579,1.07,-1.01,Moderate
935,soccer,10381,0.018,3.49,55191,131686,1.03,-1.01,Moderate
335,dysfunctional family,10381,0.237,3.49,138493,12960839,1.07,-1.01,Moderate
416,funniest movies,10381,0.068,3.49,136508,2945793,1.07,-1.01,Moderate
763,overrated,10381,0.221,3.49,138493,17281978,1.06,-1.01,Moderate
506,hillarious,10381,0.039,3.49,130778,1717443,1.09,-1.01,Moderate
369,explosions,10381,0.053,3.49,135460,3208775,1.02,-1.01,Moderate
71,archaeology,10381,0.014,3.49,109987,484017,1.04,-1.01,Moderate
321,dragon,10381,0.018,3.49,70662,258628,1.03,-1.01,Moderate
278,cute,10381,0.131,3.49,138334,5769602,1.03,-1.01,Moderate
513,holiday,10381,0.052,3.49,123919,1140636,1.06,-1.01,Moderate
451,good sequel,10381,0.095,3.49,137651,3969753,1.09,-1.01,Moderate
834,racing,10381,0.072,3.49,137276,3350693,1.05,-1.01,Moderate
43,alien,10381,0.063,3.49,136781,2793575,1.08,-1.01,Moderate
555,internet,10381,0.153,3.49,138476,8700312,1.06,-1.01,Moderate
1018,teleportation,10381,0.047,3.49,124614,1406260,1.04,-1.01,Moderate
29,adventure,10381,0.222,3.48,138493,13747513,1.07,-1.29,Moderate
990,superheroes,10381,0.152,3.48,138461,8366792,1.05,-1.29,Moderate
731,nudity (topless - notable),10381,0.241,3.48,138493,15675692,1.05,-1.29,Moderate
1019,television,10381,0.03,3.48,120336,750143,1.05,-1.29,Moderate
577,jay and silent bob,10381,0.015,3.48,55945,167428,1.08,-1.29,Moderate
520,hong kong,10381,0.036,3.48,98758,516145,1.05,-1.29,Moderate
334,dynamic cgi action,10381,0.127,3.48,138480,9314055,1.05,-1.29,Moderate
744,orphans,10381,0.038,3.48,77673,280101,1.02,-1.29,Moderate
436,ghosts/afterlife,10381,0.069,3.48,135578,2197074,1.01,-1.29,Moderate
211,cia,10381,0.034,3.47,117948,957370,0.94,-1.58,Moderate
522,horror,10381,0.112,3.47,131330,2241577,1.12,-1.58,Moderate
442,god,10381,0.11,3.47,138188,4153024,1.11,-1.58,Moderate
825,pulp,10381,0.177,3.47,138490,10750221,1.09,-1.58,Moderate
20,action packed,10381,0.202,3.47,138491,12627618,1.07,-1.58,Moderate
223,clowns,10381,0.039,3.47,107522,578584,1.07,-1.58,Moderate
762,over the top,10381,0.062,3.47,137104,3311826,1.08,-1.58,Moderate
826,punk,10381,0.024,3.47,52098,141175,1.03,-1.58,Moderate
19,action,10381,0.265,3.47,138493,13786279,1.06,-1.58,Moderate
460,gothic,10381,0.072,3.47,128753,1649574,1.07,-1.58,Moderate
457,goretastic,10381,0.074,3.47,113611,1198792,1.08,-1.58,Moderate
325,dreamlike,10381,0.216,3.46,138493,11826707,1.09,-1.86,Moderate
151,bond,10381,0.047,3.46,108544,541908,0.98,-1.86,Moderate
963,stand-up comedy,10381,0.09,3.46,125424,1345780,1.09,-1.86,Moderate
428,geeks,10381,0.06,3.46,132054,1916549,1.05,-1.86,Moderate
441,global warming,10381,0.044,3.46,127350,1144138,1.06,-1.86,Moderate
1056,underwater,10381,0.024,3.46,112564,598806,1.01,-1.86,Moderate
1102,wedding,10381,0.042,3.46,121840,1016274,1.03,-1.86,Moderate
922,single father,10381,0.078,3.46,134706,2158880,1.01,-1.86,Moderate
459,goth,10381,0.092,3.46,134470,2579905,1.06,-1.86,Moderate
186,cartoon,10381,0.076,3.45,132598,2213943,1.07,-2.14,Moderate
1016,teenagers,10381,0.067,3.45,117850,1370197,1.06,-2.14,Moderate
788,plot holes,10381,0.154,3.45,138446,7807402,1.07,-2.14,Moderate
439,girlie movie,10381,0.18,3.45,138480,9346740,1.04,-2.14,Moderate
360,erotic,10381,0.161,3.45,137776,3898723,1.09,-2.14,Moderate
987,super hero,10381,0.083,3.45,136538,3595825,1.06,-2.14,Moderate
839,rats,10381,0.051,3.45,108264,487604,1.08,-2.14,Moderate
450,good romantic comedies,10381,0.077,3.45,135372,2393144,1.03,-2.14,Moderate
44,alien invasion,10381,0.05,3.45,132302,1710251,1.08,-2.14,Moderate
2,007 (series),10381,0.046,3.45,89300,301687,0.95,-2.14,Moderate
1031,tom clancy,10381,0.057,3.45,131581,1852733,0.98,-2.14,Moderate
889,science fiction,10381,0.188,3.45,138484,10513604,1.08,-2.14,Moderate
913,shallow,10381,0.217,3.45,138492,14171375,1.07,-2.14,Moderate
52,alternate reality,10381,0.14,3.45,138456,6995862,1.11,-2.14,Moderate
808,pregnancy,10381,0.041,3.45,94567,436990,1.03,-2.14,Moderate
201,chick flick,10381,0.122,3.45,137716,3718780,1.04,-2.14,Moderate
623,magic,10381,0.101,3.45,137858,4296950,1.08,-2.14,Moderate
309,disney,10381,0.063,3.44,125765,1505103,1.06,-2.43,Moderate
868,russia,10381,0.039,3.44,99062,436709,1.03,-2.43,Moderate
239,competition,10381,0.047,3.44,97452,555234,1.05,-2.43,Moderate
381,fashion,10381,0.091,3.44,136547,2987664,1.04,-2.43,Moderate
951,special effects,10381,0.241,3.44,138493,13693533,1.07,-2.43,Moderate
647,metaphysics,10381,0.042,3.85,121064,1534117,0.96,9.2,Highly Effective
306,disability,10381,0.053,3.85,132227,1609542,0.95,9.2,Highly Effective
6,1950s,10381,0.091,3.85,138223,4941464,0.94,9.2,Highly Effective
380,fascism,10381,0.061,3.85,120225,1326903,0.96,9.2,Highly Effective
1111,wistful,10381,0.073,3.85,132912,2221017,0.95,9.2,Highly Effective
822,psychiatry,10381,0.098,3.85,136150,3753939,0.93,9.2,Highly Effective
544,indie,10381,0.12,3.85,136176,4212935,0.93,9.2,Highly Effective
833,race issues,10381,0.156,3.84,138480,10592982,0.93,8.92,Highly Effective
947,spain,10381,0.046,3.84,95722,412634,0.92,8.92,Highly Effective
165,british comedy,10381,0.062,3.84,130496,1849573,0.95,8.92,Highly Effective
838,rape,10381,0.045,3.84,126027,1154431,0.99,8.92,Highly Effective
411,french,10381,0.089,3.84,109174,907427,0.95,8.92,Highly Effective
549,inspiring,10381,0.088,3.84,138412,6048614,0.93,8.92,Highly Effective
228,colonialism,10381,0.032,3.84,113881,718307,0.93,8.92,Highly Effective
91,autism,10381,0.03,3.84,86998,203179,0.95,8.92,Highly Effective
562,ireland,10381,0.076,3.84,132238,1807282,0.92,8.92,Highly Effective
827,puppets,10381,0.063,3.84,135286,2071821,1,8.92,Highly Effective
483,gypsy accent,10381,0.057,3.84,119947,927640,0.95,8.92,Highly Effective
41,alcatraz,10381,0.016,3.84,89660,186245,0.99,8.92,Highly Effective
583,judaism,10381,0.066,3.84,114886,964959,0.96,8.92,Highly Effective
754,oscar (best music - original score),10381,0.026,3.84,124615,892313,0.98,8.92,Highly Effective
508,historical,10381,0.133,3.84,138394,5542588,0.94,8.92,Highly Effective
344,eerie,10381,0.11,3.84,138011,4887289,0.97,8.92,Highly Effective
791,poignant,10381,0.169,3.84,138456,8018661,0.94,8.92,Highly Effective
243,complicated plot,10381,0.099,3.84,138031,5313511,0.93,8.92,Highly Effective
637,maze,10381,0.079,3.83,137301,3677828,0.97,8.64,Highly Effective
660,modern fantasy,10381,0.113,3.83,138428,6778619,0.96,8.64,Highly Effective
350,england,10381,0.123,3.83,138384,6035727,0.93,8.64,Highly Effective
643,memory loss,10381,0.098,3.83,138435,6684503,0.94,8.64,Highly Effective
1079,vietnam,10381,0.017,3.83,101872,406536,0.97,8.64,Highly Effective
473,grim,10381,0.181,3.83,138364,9350610,0.94,8.64,Highly Effective
423,gangster,10381,0.11,3.83,137162,4214238,0.94,8.64,Highly Effective
1117,working class,10381,0.056,3.83,112474,1048311,0.9,8.64,Highly Effective
606,literature,10381,0.129,3.83,138481,8475651,0.94,8.64,Highly Effective
871,sad,10381,0.113,3.83,138354,5731914,0.94,8.64,Highly Effective
624,magic realism,10381,0.08,3.83,132813,2536996,0.96,8.64,Highly Effective
359,epic,10381,0.082,3.83,138267,5523586,0.96,8.64,Highly Effective
551,intelligent,10381,0.151,3.83,138467,9793757,0.93,8.64,Highly Effective
143,bleak,10381,0.211,3.83,138364,9014731,0.95,8.64,Highly Effective
857,robbery,10381,0.04,3.83,127158,1181212,0.93,8.64,Highly Effective
780,philosophy,10381,0.148,3.83,138471,9595957,0.94,8.64,Highly Effective
194,character study,10381,0.204,3.83,138450,9357645,0.93,8.64,Highly Effective
126,best of 2005,10381,0.085,3.83,137100,3839604,0.93,8.64,Highly Effective
79,artistic,10381,0.184,3.83,138481,10696633,0.94,8.64,Highly Effective
242,complicated,10381,0.154,3.83,138409,8375173,0.93,8.64,Highly Effective
669,morality,10381,0.152,3.83,138484,9781826,0.93,8.64,Highly Effective
443,golden palm,10381,0.24,3.82,138461,9993454,0.96,8.35,Highly Effective
214,civil war,10381,0.059,3.82,131880,1660130,0.95,8.35,Highly Effective
498,heist,10381,0.077,3.82,137132,3362541,0.93,8.35,Highly Effective
5,1930s,10381,0.138,3.82,138313,5445497,0.95,8.35,Highly Effective
636,mathematics,10381,0.013,3.82,78214,286528,0.89,8.35,Highly Effective
665,monty python,10381,0.016,3.82,66132,234366,0.98,8.35,Highly Effective
329,drug abuse,10381,0.085,3.82,134905,2505202,0.95,8.35,Highly Effective
1109,wilderness,10381,0.124,3.82,138272,5580845,0.96,8.35,Highly Effective
813,prison,10381,0.122,3.82,138044,4451112,0.94,8.35,Highly Effective
618,lyrical,10381,0.075,3.82,126565,1744403,0.98,8.35,Highly Effective
330,drug addiction,10381,0.081,3.82,132193,2313594,0.94,8.35,Highly Effective
641,melancholy,10381,0.222,3.82,138485,10907601,0.94,8.35,Highly Effective
319,downbeat,10381,0.213,3.82,138464,9638161,0.95,8.35,Highly Effective
47,almodovar,10381,0.019,3.82,19645,45971,0.92,8.35,Highly Effective
940,south america,10381,0.019,3.82,66744,163376,0.99,8.35,Highly Effective
779,philosophical,10381,0.13,3.82,138385,6955944,0.96,8.35,Highly Effective
517,homophobia,10381,0.044,3.82,111284,835361,0.94,8.35,Highly Effective
1037,tragedy,10381,0.197,3.82,138483,10584289,0.94,8.35,Highly Effective
263,courtroom drama,10381,0.036,3.82,118031,745618,0.89,8.35,Highly Effective
1027,time loop,10381,0.037,3.81,127711,1290075,0.96,8.07,Highly Effective
1124,writing,10381,0.091,3.81,137081,3851198,0.96,8.07,Highly Effective
181,caper,10381,0.077,3.81,137251,3363017,0.93,8.07,Highly Effective
133,biographical,10381,0.107,3.81,137551,4116089,0.93,8.07,Highly Effective
790,poetry,10381,0.095,3.81,133645,2185421,0.98,8.07,Highly Effective
557,intimate,10381,0.249,3.81,138418,8571855,0.95,8.07,Highly Effective
419,future,10381,0.095,3.58,138140,4706179,1.05,1.55,Effective
1033,too short,10381,0.085,3.58,136967,3312306,1.02,1.55,Effective
240,complex,10381,0.321,3.58,138493,17436383,1.03,1.55,Effective
625,male nudity,10381,0.252,3.58,138493,14453646,1.05,1.55,Effective
856,roald dahl,10381,0.022,3.58,72989,276387,0.98,1.55,Effective
878,satirical,10381,0.202,3.58,138491,9873783,1.08,1.55,Effective
1090,visual,10381,0.277,3.58,138493,16729519,1.04,1.55,Effective
937,solitude,10381,0.215,3.58,138493,13666513,1.06,1.55,Effective
154,books,10381,0.205,3.58,138493,14422580,1.03,1.55,Effective
661,money,10381,0.065,3.58,128701,1414231,1.01,1.55,Effective
212,cinematography,10381,0.347,3.58,138493,17773992,1.04,1.55,Effective
588,kids,10381,0.109,3.58,138413,5797691,1.04,1.55,Effective
288,dark hero,10381,0.243,3.58,138493,17954894,1.03,1.55,Effective
104,ballet,10381,0.011,3.58,35005,75928,1.06,1.55,Effective
119,beatles,10381,0.006,3.57,17843,26940,0.99,1.26,Effective
604,lions,10381,0.051,3.57,128111,1326176,1.01,1.26,Effective
761,oscar winner,10381,0.23,3.57,138493,18205836,1.03,1.26,Effective
469,great movie,10381,0.31,3.57,138493,18624637,1.03,1.26,Effective
607,liv tyler,10381,0.031,3.57,95853,460371,1.07,1.26,Effective
1008,talky,10381,0.361,3.57,138493,18304356,1.03,1.26,Effective
552,intelligent sci-fi,10381,0.057,3.57,125451,1310714,1.04,1.26,Effective
150,bombs,10381,0.057,3.57,126971,1211511,0.99,1.26,Effective
727,nudity (full frontal - notable),10381,0.238,3.57,138476,10981914,1.06,1.26,Effective
227,college,10381,0.044,3.57,120165,950045,1.02,1.26,Effective
893,screwball,10381,0.099,3.57,136756,3079068,1.07,1.26,Effective
193,cgi,10381,0.073,3.57,137809,4365621,1.05,1.26,Effective
858,robert downey jr,10381,0.084,3.57,133886,2039689,0.97,1.26,Effective
991,supernatural,10381,0.113,3.57,138041,4202355,1.06,1.26,Effective
129,better than expected,10381,0.215,3.57,138493,16046144,1.03,1.26,Effective
27,adoption,10381,0.117,3.57,136926,3087198,1.02,1.26,Effective
910,sexualized violence,10381,0.257,3.57,138493,14608408,1.05,1.26,Effective
1022,terrorism,10381,0.038,3.57,130839,1706926,0.95,1.26,Effective
841,realistic action,10381,0.113,3.57,137014,3770925,1.01,1.26,Effective
255,cool,10381,0.217,3.57,138493,15335672,1.04,1.26,Effective
387,feel good movie,10381,0.231,3.57,138493,15821300,1.04,1.26,Effective
784,pirates,10381,0.009,3.57,70429,186744,1.02,1.26,Effective
51,alternate history,10381,0.153,3.57,138492,11443232,1.04,1.26,Effective
1015,teenager,10381,0.078,3.57,125417,2047720,1.03,1.26,Effective
944,space program,10381,0.034,3.57,128064,1125054,1.04,1.26,Effective
992,suprisingly clever,10381,0.325,3.57,138493,18905062,1.02,1.26,Effective
252,conspiracy theory,10381,0.07,3.56,137565,3647718,1.01,0.98,Effective
322,dragons,10381,0.066,3.56,133371,2085220,1.06,0.98,Effective
72,argentina,10381,0.039,3.56,81777,243679,1.03,0.98,Effective
556,interracial romance,10381,0.111,3.56,137194,3584784,1.01,0.98,Effective
1001,swashbuckler,10381,0.076,3.56,136912,2957715,1.02,0.98,Effective
18,absurd,10381,0.26,3.56,138493,16612075,1.04,0.98,Effective
828,queer,10381,0.193,3.56,138492,9488379,1.08,0.98,Effective
465,great acting,10381,0.346,3.56,138493,18840149,1.04,0.98,Effective
365,excellent script,10381,0.277,3.56,138493,18738278,1.04,0.98,Effective
864,romantic,10381,0.243,3.56,138493,14100406,1.04,0.98,Effective
493,harsh,10381,0.325,3.56,138493,18675754,1.04,0.98,Effective
221,clones,10381,0.104,3.56,138296,5009669,1.07,0.98,Effective
1092,visually stunning,10381,0.287,3.56,138493,18357197,1.04,0.98,Effective
488,handycam,10381,0.026,3.56,62322,215810,1.09,0.98,Effective
592,kung fu,10381,0.057,3.56,129450,1609763,1.07,0.98,Effective
284,dancing,10381,0.055,3.56,125953,1137886,1.08,0.98,Effective
1062,unlikely friendships,10381,0.281,3.56,138493,18016907,1.04,0.98,Effective
388,feel-good,10381,0.265,3.56,138493,16808498,1.04,0.98,Effective
216,classic car,10381,0.248,3.56,138493,18589165,1.04,0.98,Effective
295,depp & burton,10381,0.016,3.55,75553,258407,0.98,0.69,Effective
205,china,10381,0.025,3.55,72170,272316,0.99,0.69,Effective
904,series,10381,0.149,3.55,138473,7925834,1.06,0.69,Effective
405,france,10381,0.066,3.78,125161,1029279,0.95,7.22,Effective
305,directorial debut,10381,0.12,3.78,138024,5034455,0.97,7.22,Effective
421,gambling,10381,0.032,3.78,106985,542834,0.93,7.22,Effective
145,blood,10381,0.114,3.78,137960,6043390,0.99,7.22,Effective
575,japan,10381,0.064,3.78,88625,734022,1.02,7.22,Effective
581,jews,10381,0.085,3.78,133641,1669080,0.96,7.22,Effective
565,ironic,10381,0.164,3.78,138476,9815309,0.97,7.22,Effective
580,jewish,10381,0.071,3.78,123270,973267,0.97,7.22,Effective
1029,tokyo,10381,0.162,3.78,138420,8957590,0.98,7.22,Effective
689,mystery,10381,0.107,3.78,138092,4586179,0.96,7.22,Effective
818,propaganda,10381,0.08,3.78,135490,2169244,0.95,7.22,Effective
619,macabre,10381,0.183,3.78,138486,10105202,0.97,7.22,Effective
617,lynch,10381,0.047,3.78,111987,933083,1.01,7.22,Effective
1065,us history,10381,0.127,3.78,138457,7380166,0.96,7.22,Effective
526,hotel,10381,0.17,3.78,138488,10466278,0.96,7.22,Effective
739,ominous,10381,0.112,3.78,138291,6175044,0.97,7.22,Effective
37,aids,10381,0.073,3.78,135890,2420543,0.93,7.22,Effective
152,book,10381,0.084,3.77,138111,3550978,0.98,6.93,Effective
28,adultery,10381,0.144,3.77,138083,5460021,0.96,6.93,Effective
10,19th century,10381,0.068,3.77,130005,1629528,0.96,6.93,Effective
785,pixar,10381,0.008,3.77,79530,331476,0.89,6.93,Effective
82,assassination,10381,0.179,3.77,138469,9363972,0.95,6.93,Effective
253,controversial,10381,0.094,3.77,134108,2764135,0.99,6.93,Effective
341,eccentricity,10381,0.141,3.77,138419,6765616,0.96,6.93,Effective
645,mental illness,10381,0.187,3.77,138450,8975252,0.97,6.93,Effective
736,office,10381,0.021,3.77,85291,263960,0.9,6.93,Effective
977,stunning,10381,0.161,3.77,138486,9135925,0.97,6.93,Effective
851,revolution,10381,0.117,3.77,138423,5954868,0.97,6.93,Effective
537,immigrants,10381,0.071,3.77,106934,754798,0.97,6.93,Effective
880,saturn award (best science fiction film),10381,0.055,3.77,137596,4169906,0.96,6.93,Effective
259,costume drama,10381,0.123,3.77,137912,4208821,0.95,6.93,Effective
949,spanish civil war,10381,0.047,3.77,29196,59169,0.94,6.93,Effective
806,powerful ending,10381,0.198,3.77,138490,11313518,0.97,6.93,Effective
658,mob,10381,0.113,3.77,137825,5112205,0.96,6.93,Effective
869,russian,10381,0.075,3.77,132059,1683361,0.96,6.93,Effective
836,radio,10381,0.092,3.77,138063,3762705,0.95,6.93,Effective
67,anti-hero,10381,0.144,3.77,138423,8923633,0.97,6.93,Effective
122,beautifully filmed,10381,0.23,3.77,138492,12645149,0.96,6.93,Effective
652,mindfuck,10381,0.114,3.76,137180,4350824,1.01,6.65,Effective
285,dark,10381,0.17,3.76,138407,8480833,0.98,6.65,Effective
25,addiction,10381,0.125,3.76,137262,4251676,0.96,6.65,Effective
1081,view askew,10381,0.051,3.76,109416,637286,1.03,6.65,Effective
883,scenic,10381,0.154,3.76,138493,11127502,0.97,6.65,Effective
182,capitalism,10381,0.082,3.76,136722,2567546,0.96,6.65,Effective
558,investigation,10381,0.149,3.76,138293,6438651,0.96,6.65,Effective
866,rome,10381,0.029,3.76,97089,378739,1,6.65,Effective
634,masterpiece,10381,0.209,3.76,138486,11973529,0.98,6.65,Effective
512,hitman,10381,0.13,3.76,138284,6612409,0.96,6.65,Effective
219,claymation,10381,0.006,3.76,56405,137973,0.97,6.65,Effective
168,brutal,10381,0.14,3.76,138026,5934627,0.98,6.65,Effective
30,affectionate,10381,0.23,3.76,138490,12797124,0.96,6.65,Effective
786,pixar animation,10381,0.018,3.76,100602,479590,0.92,6.65,Effective
997,surveillance,10381,0.164,3.76,138479,9953002,0.96,6.65,Effective
766,paranoia,10381,0.145,3.76,138358,6841161,0.97,6.65,Effective
413,frightening,10381,0.055,3.76,133212,2624208,1,6.65,Effective
912,shakespeare,10381,0.018,3.76,71398,219269,0.98,6.65,Effective
297,depression,10381,0.216,3.76,138489,10208653,0.97,6.65,Effective
463,gratuitous violence,10381,0.11,3.76,137954,5542616,0.98,6.65,Effective
769,paris,10381,0.077,3.76,124826,1205851,0.96,6.65,Effective
903,serial killer,10381,0.114,3.76,137218,4208223,1,6.65,Effective
337,dystopic future,10381,0.087,3.75,138256,5673363,0.99,6.37,Effective
616,low budget,10381,0.11,3.75,136227,3660123,1.02,6.37,Effective
566,irreverent,10381,0.108,3.75,137979,5551644,1.01,6.37,Effective
547,insanity,10381,0.189,3.75,138478,10085912,0.99,6.37,Effective
453,good story,10381,0.09,3.75,138470,7632243,0.96,6.37,Effective
449,good music,10381,0.164,3.75,138492,12159178,0.97,6.37,Effective
261,court,10381,0.049,3.75,129908,1471944,0.91,6.37,Effective
56,american civil war,10381,0.031,3.75,98599,345247,1.01,6.37,Effective
531,idealism,10381,0.222,3.75,138493,13453836,0.95,6.37,Effective
984,suburbia,10381,0.124,3.81,138297,6089582,0.96,8.07,Highly Effective
76,art house,10381,0.102,3.81,128706,2344524,1,8.07,Highly Effective
431,genocide,10381,0.051,3.81,132977,1633541,0.94,8.07,Highly Effective
289,dark humor,10381,0.159,3.81,138346,7739310,0.96,8.07,Highly Effective
611,long,10381,0.125,3.81,138469,7728320,0.96,8.07,Highly Effective
962,stage magic,10381,0.028,3.81,88748,291103,0.96,8.07,Highly Effective
653,mining,10381,0.031,3.81,71692,198452,0.93,8.07,Highly Effective
1110,wine,10381,0.09,3.81,137563,3693005,0.95,8.07,Highly Effective
1122,writer's life,10381,0.066,3.81,100889,788658,0.93,8.07,Highly Effective
510,hit men,10381,0.103,3.81,137633,4463854,0.96,8.07,Highly Effective
218,claustrophobic,10381,0.137,3.81,138345,6710130,0.96,8.07,Highly Effective
695,nature,10381,0.029,3.81,78187,286303,1.05,8.07,Highly Effective
254,cooking,10381,0.025,3.81,63302,194319,0.91,8.07,Highly Effective
1080,vietnam war,10381,0.014,3.81,102713,422283,0.97,8.07,Highly Effective
898,segregation,10381,0.158,3.81,138490,10582329,0.94,8.07,Highly Effective
804,potential oscar nom,10381,0.082,3.81,128138,2063933,0.93,8.07,Highly Effective
985,suicide,10381,0.084,3.81,135238,2479181,0.94,8.07,Highly Effective
1021,terminal illness,10381,0.043,3.81,119184,732375,0.98,8.07,Highly Effective
540,independent film,10381,0.181,3.81,138218,7183413,0.95,8.07,Highly Effective
1096,war,10381,0.084,3.8,137738,3647202,0.97,7.79,Highly Effective
191,censorship,10381,0.148,3.8,138423,7196016,0.96,7.79,Highly Effective
535,imagination,10381,0.143,3.8,138470,7931770,0.97,7.79,Highly Effective
217,classical music,10381,0.029,3.8,93327,472023,0.98,7.79,Highly Effective
78,artist,10381,0.101,3.8,123352,2121119,0.96,7.79,Highly Effective
236,coming-of-age,10381,0.119,3.8,137797,4681320,0.95,7.79,Highly Effective
1119,world politics,10381,0.092,3.8,136522,2689276,0.92,7.79,Highly Effective
250,confusing,10381,0.078,3.8,136339,4198289,0.97,7.79,Highly Effective
909,sexuality,10381,0.081,3.8,135190,2641097,0.99,7.79,Highly Effective
93,awesome,10381,0.077,3.8,138459,8361226,0.96,7.79,Highly Effective
812,pretentious,10381,0.088,3.8,133672,3117781,0.99,7.79,Highly Effective
941,southern theme,10381,0.065,3.8,129867,1193362,0.93,7.79,Highly Effective
965,star wars,10381,0.013,3.8,103654,515201,1.05,7.79,Highly Effective
16,aardman studios,10381,0.054,3.8,108446,705362,0.94,7.79,Highly Effective
582,journalism,10381,0.082,3.8,127968,1798206,0.92,7.79,Highly Effective
343,educational,10381,0.056,3.8,131134,1442328,0.92,7.79,Highly Effective
1039,trains,10381,0.029,3.79,96172,335960,0.95,7.5,Effective
840,realistic,10381,0.182,3.79,138489,11494704,0.94,7.5,Effective
471,great soundtrack,10381,0.153,3.79,138489,11133426,0.95,7.5,Effective
8,1970s,10381,0.16,3.79,138491,11031222,0.95,7.5,Effective
873,samurai,10381,0.03,3.79,72714,408926,0.96,7.5,Effective
675,movielens top pick,10381,0.227,3.79,138490,13057624,0.94,7.5,Effective
160,brainwashing,10381,0.142,3.79,138474,8457373,0.97,7.5,Effective
737,oil,10381,0.081,3.79,132438,2443115,0.95,7.5,Effective
800,politics,10381,0.13,3.79,138152,4616347,0.95,7.5,Effective
872,sad but good,10381,0.112,3.79,138469,7853721,0.95,7.5,Effective
57,amnesia,10381,0.03,3.79,120194,859861,0.93,7.5,Effective
50,alternate endings,10381,0.129,3.79,138442,7331673,0.96,7.5,Effective
331,drugs,10381,0.111,3.79,135745,4030926,0.95,7.5,Effective
974,strange,10381,0.105,3.79,137222,4419610,1,7.5,Effective
247,con artists,10381,0.054,3.79,127452,1637941,0.91,7.5,Effective
315,documentary,10381,0.08,3.79,105354,668486,0.96,7.5,Effective
362,ethnic conflict,10381,0.175,3.79,138342,8249439,0.97,7.5,Effective
373,fake documentary,10381,0.043,3.79,99486,335413,1.04,7.5,Effective
831,rabbits,10381,0.039,3.79,126728,1097702,0.99,7.5,Effective
291,deadpan,10381,0.046,3.79,117060,1586708,0.96,7.5,Effective
229,colourful,10381,0.149,3.79,138473,8512387,0.98,7.5,Effective
235,coming of age,10381,0.174,3.79,138485,8614430,0.95,7.5,Effective
164,british,10381,0.191,3.79,138492,12071571,0.95,7.5,Effective
110,based on a true story,10381,0.106,3.79,137550,3573384,0.93,7.5,Effective
1045,tricky,10381,0.123,3.79,138435,6696126,0.95,7.5,Effective
475,gritty,10381,0.186,3.78,138450,10032935,0.96,7.22,Effective
273,cuba,10381,0.027,3.78,95568,298686,0.96,7.22,Effective
550,intellectual,10381,0.171,3.78,138458,9120355,0.97,7.22,Effective
768,parenthood,10381,0.134,3.78,138480,7668275,0.97,7.22,Effective
757,oscar (best sound),10381,0.039,3.78,135980,2859254,0.97,7.22,Effective
539,incest,10381,0.042,3.78,109872,690499,1,7.22,Effective
713,non-hollywood ending,10381,0.039,3.78,114374,986718,0.93,7.22,Effective
916,short,10381,0.036,3.88,65709,216251,0.96,10.05,Highly Effective
639,meditative,10381,0.141,3.88,135907,4045378,0.96,10.05,Highly Effective
814,prison escape,10381,0.095,3.88,137787,4313618,0.91,10.05,Highly Effective
134,biography,10381,0.078,3.88,133171,2607075,0.9,10.05,Highly Effective
930,slow paced,10381,0.092,3.88,137350,4775763,0.93,10.05,Highly Effective
1009,tarantino,10381,0.014,3.88,102878,501673,0.97,10.05,Highly Effective
438,gilliam,10381,0.034,3.88,113996,1033620,0.94,10.05,Highly Effective
511,hitchcock,10381,0.047,3.88,119852,956830,0.92,10.05,Highly Effective
137,biting,10381,0.108,3.88,136420,5265578,0.94,10.05,Highly Effective
509,history,10381,0.085,3.88,137809,3876264,0.94,10.05,Highly Effective
224,coen bros,10381,0.06,3.88,129199,1983932,0.95,10.05,Highly Effective
1098,wartime,10381,0.123,3.88,136476,3241828,0.93,10.05,Highly Effective
499,heroin,10381,0.037,3.88,114919,684077,0.94,10.05,Highly Effective
127,best war films,10381,0.059,3.88,128301,1468481,0.95,10.05,Highly Effective
655,mission from god,10381,0.077,3.88,137303,3219777,0.94,10.05,Highly Effective
817,prohibition,10381,0.033,3.88,79806,303951,0.9,10.05,Highly Effective
1126,wwii,10381,0.045,3.88,120331,998335,0.95,10.05,Highly Effective
80,artsy,10381,0.081,3.88,135071,3309833,0.96,10.05,Highly Effective
385,father-son relationship,10381,0.053,3.87,136905,3203297,0.93,9.77,Highly Effective
986,suicide attempt,10381,0.097,3.87,137191,3993337,0.92,9.77,Highly Effective
760,oscar (best writing - screenplay written directly for the screen),10381,0.139,3.87,138455,9560955,0.93,9.77,Highly Effective
36,aging,10381,0.096,3.87,138208,4877638,0.93,9.77,Highly Effective
741,organized crime,10381,0.081,3.87,136720,3639541,0.92,9.77,Highly Effective
929,slow,10381,0.117,3.87,137866,6158283,0.94,9.77,Highly Effective
605,literary adaptation,10381,0.071,3.87,136452,2505971,0.95,9.77,Highly Effective
135,biopic,10381,0.096,3.87,137105,3512141,0.91,9.77,Highly Effective
149,bollywood,10381,0.107,3.87,135933,3570598,0.94,9.77,Highly Effective
781,photographer,10381,0.049,3.87,79117,375094,0.94,9.77,Highly Effective
7,1960s,10381,0.061,3.87,134101,1928280,0.92,9.77,Highly Effective
1002,swedish,10381,0.012,3.87,22474,55725,0.92,9.77,Highly Effective
1048,truman capote,10381,0.033,3.87,41381,77049,0.94,9.77,Highly Effective
546,innocence lost,10381,0.078,3.87,128973,2252482,0.94,9.77,Highly Effective
55,amazing photography,10381,0.158,3.87,138466,9121742,0.93,9.77,Highly Effective
248,con men,10381,0.05,3.87,134200,1948649,0.91,9.77,Highly Effective
470,great music,10381,0.095,3.87,138424,6667239,0.94,9.77,Highly Effective
496,heartbreaking,10381,0.122,3.87,138304,5508288,0.92,9.77,Highly Effective
698,neil gaiman,10381,0.013,3.87,35605,89802,0.93,9.77,Highly Effective
68,anti-semitism,10381,0.047,3.87,116122,815500,0.93,9.77,Highly Effective
644,mental hospital,10381,0.033,3.86,111955,477723,0.94,9.49,Highly Effective
467,great dialogue,10381,0.11,3.86,138446,8474622,0.93,9.49,Highly Effective
569,isolation,10381,0.067,3.86,132614,2355065,0.95,9.49,Highly Effective
899,self discovery,10381,0.136,3.86,138476,9564519,0.92,9.49,Highly Effective
1120,world war i,10381,0.044,3.86,119837,945145,0.95,9.49,Highly Effective
1097,war movie,10381,0.065,3.86,134372,1810594,0.97,9.49,Highly Effective
391,fighting the system,10381,0.145,3.86,138453,9456295,0.92,9.49,Highly Effective
798,political,10381,0.123,3.86,138142,5102844,0.92,9.49,Highly Effective
238,compassionate,10381,0.127,3.86,138418,6409443,0.93,9.49,Highly Effective
202,child abuse,10381,0.035,3.86,112510,679440,0.92,9.49,Highly Effective
225,coen brothers,10381,0.015,3.86,71951,234638,0.94,9.49,Highly Effective
410,freedom,10381,0.086,3.86,138085,4531206,0.94,9.49,Highly Effective
120,beautiful,10381,0.133,3.86,138412,7247555,0.95,9.49,Highly Effective
674,movie business,10381,0.044,3.86,110717,712035,0.93,9.49,Highly Effective
676,moving,10381,0.046,3.86,136210,2215385,0.93,9.49,Highly Effective
666,moody,10381,0.101,3.86,136385,3906192,0.93,9.49,Highly Effective
33,afi 100 (movie quotes),10381,0.116,3.86,138415,7760545,0.94,9.49,Highly Effective
715,nonlinear,10381,0.121,3.86,137653,5998597,0.95,9.49,Highly Effective
835,racism,10381,0.07,3.86,132577,1884039,0.93,9.49,Highly Effective
820,psychedelic,10381,0.042,3.86,129860,1504800,1,9.49,Highly Effective
758,oscar (best supporting actor),10381,0.138,3.86,138447,8718563,0.92,9.49,Highly Effective
282,cynical,10381,0.149,3.86,138276,7635501,0.94,9.49,Highly Effective
340,east germany,10381,0.011,3.85,37183,66019,0.9,9.2,Highly Effective
1083,vigilantism,10381,0.084,3.85,137036,3898406,0.95,9.2,Highly Effective
466,great cinematography,10381,0.135,3.85,138479,9321363,0.94,9.2,Highly Effective
487,hallucinatory,10381,0.06,3.85,126803,1656892,0.99,9.2,Highly Effective
843,rebellion,10381,0.106,3.85,138207,6091577,0.94,9.2,Highly Effective
161,brazil,10381,0.023,3.85,68171,141954,0.98,9.2,Highly Effective
73,arms dealer,10381,0.065,3.44,133175,2795582,1,-2.43,Moderate
807,predictable,10381,0.348,3.44,138493,16546309,1.05,-2.43,Moderate
207,chris tucker,10381,0.016,3.44,62079,162755,0.99,-2.43,Moderate
956,splatter,10381,0.198,3.44,138424,7302889,1.11,-2.43,Moderate
584,jungle,10381,0.075,3.44,137446,3471207,1.06,-2.43,Moderate
723,nuclear bomb,10381,0.028,3.44,113859,718300,1.01,-2.43,Moderate
494,haunted house,10381,0.039,3.44,102619,738234,1.09,-2.43,Moderate
738,olympics,10381,0.014,3.44,35657,84031,1,-2.43,Moderate
632,marvel,10381,0.024,3.43,99754,576863,1.01,-2.71,Moderate
210,christmas,10381,0.018,3.43,89553,344711,1.07,-2.71,Moderate
397,fish,10381,0.04,3.43,121939,843487,1.05,-2.71,Moderate
142,blaxploitation,10381,0.028,3.43,60288,193637,1.03,-2.71,Moderate
1128,zombies,10381,0.03,3.43,49413,193968,1.08,-2.71,Moderate
716,nostalgia,10381,0.048,3.43,134882,2036661,1.09,-2.71,Moderate
484,hackers,10381,0.032,3.43,117729,711780,1.02,-2.71,Moderate
1086,virginity,10381,0.065,3.43,122060,1297545,1.07,-2.71,Moderate
1076,video games,10381,0.027,3.43,87432,351791,1.1,-2.71,Moderate
1116,women,10381,0.212,3.42,138491,9419698,1.06,-2.99,Moderate
966,steampunk,10381,0.059,3.42,122113,1305545,1.07,-2.99,Moderate
1007,talking animals,10381,0.071,3.42,127734,1647947,1.08,-2.99,Moderate
59,android(s)/cyborg(s),10381,0.107,3.42,137491,4041312,1.09,-2.99,Moderate
429,genetics,10381,0.048,3.41,131078,1804735,1.05,-3.28,Moderate
1004,switching places,10381,0.077,3.41,136903,3129396,1.02,-3.28,Moderate
92,aviation,10381,0.024,3.41,109660,502563,1.02,-3.28,Moderate
896,secret service,10381,0.08,3.41,136455,3300994,0.99,-3.28,Moderate
620,mad scientist,10381,0.176,3.41,138492,8808863,1.08,-3.28,Moderate
1094,voodoo,10381,0.026,3.41,52827,154552,1.05,-3.28,Moderate
681,muppets,10381,0.047,3.41,99835,430463,1.13,-3.28,Moderate
1013,teen,10381,0.181,3.41,138471,7636992,1.09,-3.28,Moderate
444,golf,10381,0.03,3.41,103060,545228,1.05,-3.28,Moderate
307,disappointing,10381,0.044,3.41,93779,1570577,1.05,-3.28,Moderate
980,stupidity,10381,0.13,3.41,138371,6402169,1.12,-3.28,Moderate
316,dog,10381,0.062,3.41,130295,1466640,1.05,-3.28,Moderate
959,sports,10381,0.062,3.4,123597,1108411,1.06,-3.56,Moderate
279,cute!,10381,0.096,3.4,137181,3627594,1.06,-3.56,Moderate
132,big budget,10381,0.213,3.4,138486,12437620,1.07,-3.56,Moderate
13,80s,10381,0.159,3.4,138447,7302889,1.08,-3.56,Moderate
989,superhero,10381,0.073,3.4,132894,2309373,1.08,-3.56,Moderate
1,007,10381,0.046,3.4,113791,725385,1,-3.56,Moderate
933,so bad it's funny,10381,0.294,3.4,138493,14304438,1.07,-3.56,Moderate
810,prequel,10381,0.024,3.4,122815,1038822,1.12,-3.56,Moderate
694,natural disaster,10381,0.23,3.4,138493,13784933,1.07,-3.56,Moderate
114,based on comic,10381,0.029,3.4,115481,913506,1.04,-3.56,Moderate
232,comic book,10381,0.054,3.4,129734,1870189,1.07,-3.56,Moderate
734,ocean,10381,0.045,3.39,125972,970768,1.04,-3.84,Moderate
435,ghosts,10381,0.059,3.39,112783,1032502,1.07,-3.84,Moderate
507,hip hop,10381,0.091,3.39,119098,1361720,1.11,-3.84,Moderate
678,mtv,10381,0.018,3.39,82389,329189,1.09,-3.84,Moderate
919,silly,10381,0.222,3.39,138488,12313459,1.07,-3.84,Moderate
983,submarine,10381,0.042,3.39,112533,613067,1.03,-3.84,Moderate
97,bad acting,10381,0.177,3.39,138472,8518151,1.1,-3.84,Moderate
915,shopping,10381,0.079,3.39,136782,3068557,1.03,-3.84,Moderate
377,fantasy,10381,0.189,3.39,138493,10485835,1.09,-3.84,Moderate
117,batman,10381,0.008,3.38,69774,152788,1.05,-4.13,Moderate
573,james bond,10381,0.008,3.38,72573,225048,0.97,-4.13,Moderate
709,no plot,10381,0.114,3.38,138348,5644825,1.06,-4.13,Moderate
887,sci-fi,10381,0.115,3.38,137354,3965761,1.11,-4.13,Moderate
290,dc comics,10381,0.023,3.38,98874,537057,1.04,-4.13,Moderate
197,cheerleading,10381,0.058,3.37,111864,1014035,1.1,-4.41,Moderate
89,author:alan moore,10381,0.03,3.36,71531,295714,1.04,-4.7,Moderate
770,parody,10381,0.111,3.36,137258,4147350,1.12,-4.7,Moderate
792,pointless,10381,0.236,3.36,138481,9764444,1.11,-4.7,Moderate
304,dinosaurs,10381,0.064,3.36,136721,2904613,1.13,-4.7,Moderate
988,super-hero,10381,0.052,3.36,129465,1872930,1.11,-4.7,Moderate
973,stranded,10381,0.051,3.36,134322,1896623,1.07,-4.7,Moderate
920,silly fun,10381,0.232,3.35,138486,11667986,1.08,-4.98,Moderate
39,airport,10381,0.025,3.35,103991,474735,1.03,-4.98,Moderate
901,sequel,10381,0.089,3.35,137532,4266127,1.1,-4.98,Moderate
1088,virus,10381,0.042,3.35,120886,960374,1.07,-4.98,Moderate
906,sex comedy,10381,0.038,3.35,84280,444400,1.06,-4.98,Moderate
958,spoof,10381,0.069,3.35,134355,2313510,1.11,-4.98,Moderate
176,camp,10381,0.161,3.35,138464,6288683,1.12,-4.98,Moderate
66,antarctica,10381,0.042,3.35,104005,485363,1.04,-4.98,Moderate
595,las vegas,10381,0.052,3.34,120379,794050,1.06,-5.26,Moderate
842,reality tv,10381,0.087,3.34,135715,2119888,1.1,-5.26,Moderate
631,martial arts,10381,0.043,3.34,102286,741279,1.11,-5.26,Moderate
74,arnold,10381,0.014,3.34,96389,418932,1.07,-5.26,Moderate
559,iran,10381,0.015,3.71,29020,55407,0.93,5.23,Effective
65,anime,10381,0.035,3.71,74688,380291,1.01,5.23,Effective
627,manipulation,10381,0.19,3.71,138493,12254120,0.98,5.23,Effective
1024,thought-provoking,10381,0.21,3.71,138492,12916034,0.98,5.23,Effective
608,london,10381,0.137,3.71,138033,4911341,0.96,5.23,Effective
383,father daughter relationship,10381,0.098,3.71,133667,2096025,0.94,5.23,Effective
524,hospital,10381,0.195,3.71,138490,11103916,0.98,5.23,Effective
1049,twist,10381,0.167,3.71,138441,8480103,0.99,5.23,Effective
638,medieval,10381,0.049,3.71,135096,2123612,1.01,5.23,Effective
394,finnish,10381,0.095,3.71,108115,908365,0.99,5.23,Effective
81,assassin,10381,0.106,3.71,138006,4903846,0.97,5.23,Effective
42,alcoholism,10381,0.047,3.71,92002,454400,0.94,5.23,Effective
772,penguins,10381,0.027,3.71,55970,184445,0.95,5.23,Effective
286,dark comedy,10381,0.142,3.71,138097,6093836,1.01,5.23,Effective
180,cannibalism,10381,0.041,3.71,99478,549317,1.04,5.23,Effective
931,small town,10381,0.19,3.71,138489,9788722,0.97,5.23,Effective
175,california,10381,0.186,3.71,138493,12606162,0.97,5.23,Effective
1052,undercover cop,10381,0.062,3.71,130827,1790261,0.97,5.23,Effective
348,emotional,10381,0.216,3.71,138493,11386281,0.99,5.23,Effective
1025,thriller,10381,0.187,3.71,138493,11971323,0.97,5.23,Effective
375,family bonds,10381,0.087,3.71,137361,2920030,0.97,5.23,Effective
670,mother daughter relationship,10381,0.041,3.71,97609,407464,0.97,5.23,Effective
215,classic,10381,0.195,3.71,138493,12426056,0.99,5.23,Effective
353,enormously long battle scene,10381,0.108,3.71,138486,9396631,0.97,5.23,Effective
532,identity,10381,0.175,3.71,138493,11837089,0.98,5.23,Effective
740,opera,10381,0.024,3.71,49903,128457,1.02,5.23,Effective
311,distopia,10381,0.192,3.71,138492,12284194,0.99,5.23,Effective
650,midlife crisis,10381,0.037,3.7,118147,665630,0.98,4.95,Effective
970,stop-motion,10381,0.029,3.7,117599,743160,0.99,4.95,Effective
1089,visceral,10381,0.218,3.7,138479,11997201,1,4.95,Effective
75,art,10381,0.217,3.7,138493,12660437,1,4.95,Effective
1046,trilogy,10381,0.089,3.7,138315,5654368,1.02,4.95,Effective
730,nudity (topless - brief),10381,0.145,3.7,138104,7333035,0.99,4.95,Effective
735,off-beat comedy,10381,0.162,3.7,137981,6324323,1.02,4.95,Effective
1038,train,10381,0.024,3.7,110749,500273,0.96,4.95,Effective
178,canada,10381,0.052,3.7,91212,482162,0.95,4.95,Effective
85,atheism,10381,0.12,3.7,138371,4929381,0.99,4.95,Effective
370,factual,10381,0.11,3.7,138093,3869938,0.98,4.95,Effective
1035,touching,10381,0.199,3.7,138493,11366531,0.98,4.95,Effective
440,glbt,10381,0.069,3.7,109530,908861,0.97,4.95,Effective
837,rags to riches,10381,0.067,3.7,137156,2672629,0.98,4.95,Effective
298,desert,10381,0.094,3.7,138332,5413313,1.01,4.95,Effective
196,cheating,10381,0.106,3.7,137878,4401844,0.96,4.95,Effective
500,heroine,10381,0.041,3.7,123630,1022374,0.99,4.95,Effective
153,book was better,10381,0.094,3.69,138136,3456324,1,4.67,Effective
654,minnesota,10381,0.039,3.69,87849,322385,1.01,4.67,Effective
1047,true story,10381,0.133,3.69,138147,3896210,0.98,4.67,Effective
939,south africa,10381,0.019,3.69,52791,135350,0.92,4.67,Effective
338,earnest,10381,0.213,3.69,138493,15363464,0.98,4.67,Effective
1026,time,10381,0.09,3.69,138461,7234637,1.01,4.67,Effective
1114,witty,10381,0.241,3.69,138493,15372218,0.98,4.67,Effective
357,environment,10381,0.056,3.69,132625,1692767,0.99,4.67,Effective
269,crime gone awry,10381,0.238,3.69,138492,12865758,1,4.67,Effective
504,highly quotable,10381,0.2,3.69,138493,13242775,1,4.67,Effective
426,gay character,10381,0.158,3.69,138439,6606904,0.98,4.67,Effective
832,race,10381,0.107,3.69,138460,6677648,0.98,4.67,Effective
615,love triangles,10381,0.085,3.69,136649,2646300,0.99,4.67,Effective
136,birds,10381,0.028,3.69,86489,412964,0.99,4.67,Effective
945,space travel,10381,0.066,3.69,137442,3343986,1.02,4.67,Effective
961,spying,10381,0.147,3.69,138490,9242402,0.99,4.67,Effective
748,oscar (best animated feature),10381,0.051,3.69,116912,986333,0.96,4.67,Effective
1118,workplace,10381,0.119,3.69,137338,3915798,0.99,4.67,Effective
478,guilt,10381,0.211,3.69,138492,10030721,1.01,4.67,Effective
294,demons,10381,0.14,3.53,138106,4363048,1.07,0.13,Effective
726,nudity (full frontal - brief),10381,0.278,3.53,138493,19517111,1.05,0.13,Effective
971,story,10381,0.427,3.53,138493,19767960,1.05,0.13,Effective
1057,unfunny,10381,0.245,3.53,138493,19625006,1.05,0.13,Effective
22,adapted from:book,10381,0.325,3.53,138493,19566125,1.05,0.13,Effective
464,great,10381,0.427,3.53,138493,19784909,1.05,0.13,Effective
1071,very funny,10381,0.311,3.53,138493,19786880,1.05,0.13,Effective
797,police investigation,10381,0.311,3.53,138493,19710603,1.05,0.13,Effective
220,clever,10381,0.333,3.53,138493,19755384,1.05,0.13,Effective
445,good,10381,0.425,3.53,138493,19777278,1.05,0.13,Effective
972,storytelling,10381,0.448,3.53,138493,19799916,1.05,0.13,Effective
777,pg-13,10381,0.351,3.53,138493,19376884,1.05,0.13,Effective
277,culture clash,10381,0.391,3.53,138493,19795750,1.05,0.13,Effective
299,destiny,10381,0.376,3.53,138493,19634133,1.05,0.13,Effective
801,pornography,10381,0.381,3.53,138493,19766871,1.05,0.13,Effective
415,fun movie,10381,0.337,3.52,138493,18590551,1.05,-0.16,Effective
662,monkey,10381,0.028,3.52,111328,484643,1.07,-0.16,Effective
672,motorcycle,10381,0.068,3.52,136382,3265624,1.04,-0.16,Effective
1101,weapons,10381,0.262,3.52,138493,17087879,1.06,-0.16,Effective
485,hacking,10381,0.029,3.52,125367,1133380,1.02,-0.16,Effective
11,3d,10381,0.046,3.52,121348,988024,1.02,-0.16,Effective
811,president,10381,0.041,3.52,126706,1041630,1,-0.16,Effective
874,san francisco,10381,0.1,3.52,138236,4257242,1,-0.16,Effective
35,afterlife,10381,0.045,3.52,117694,797837,1.05,-0.16,Effective
276,cult film,10381,0.277,3.52,138493,16654946,1.07,-0.16,Effective
890,scifi,10381,0.145,3.52,138469,8175820,1.08,-0.16,Effective
1061,unlikeable characters,10381,0.103,3.52,136436,3331771,1.05,-0.16,Effective
1060,united nations,10381,0.015,3.52,63477,202817,1,-0.16,Effective
244,computer animation,10381,0.186,3.52,138493,12432928,1.06,-0.16,Effective
317,dogs,10381,0.027,3.52,95702,362735,1.07,-0.16,Effective
967,stereotypes,10381,0.258,3.52,138493,16461659,1.05,-0.16,Effective
424,gangsters,10381,0.256,3.52,138493,15358233,1.06,-0.16,Effective
703,new orleans,10381,0.092,3.52,118501,862136,0.96,-0.16,Effective
829,quirky,10381,0.291,3.52,138493,18362714,1.05,-0.16,Effective
1087,virtual reality,10381,0.035,3.52,130470,1483124,1.06,-0.16,Effective
490,happy ending,10381,0.264,3.52,138493,17375568,1.05,-0.16,Effective
231,comic,10381,0.117,3.52,138399,6228860,1.05,-0.16,Effective
685,music business,10381,0.043,3.52,82140,374442,1.05,-0.16,Effective
502,high fantasy,10381,0.103,3.52,138091,4089342,1.06,-0.16,Effective
389,fight scenes,10381,0.3,3.52,138493,19416178,1.05,-0.16,Effective
568,island,10381,0.131,3.52,138485,8651885,1.04,-0.16,Effective
379,farce,10381,0.137,3.52,138102,4637043,1.08,-0.16,Effective
230,comedy,10381,0.251,3.52,138493,10387680,1.06,-0.16,Effective
61,animal movie,10381,0.062,3.52,128598,1595952,1.04,-0.16,Effective
942,space,10381,0.068,3.52,136610,2991200,1.07,-0.16,Effective
174,c.s. lewis,10381,0.019,3.51,56784,119334,1.01,-0.44,Effective
185,cars,10381,0.077,3.51,134604,1884734,1.01,-0.44,Effective
705,new york city,10381,0.112,3.51,137630,3047030,1.03,-0.44,Effective
955,spies,10381,0.074,3.51,135213,2303084,0.99,-0.44,Effective
339,easily confused with other movie(s) (title),10381,0.05,3.51,54313,129639,1.01,-0.44,Effective
680,mummy,10381,0.017,3.51,84739,261132,1.07,-0.44,Effective
124,beer,10381,0.057,3.51,131684,1885740,1.06,-0.44,Effective
118,bdsm,10381,0.087,3.51,127321,1270629,1.06,-0.44,Effective
400,football,10381,0.017,3.51,100064,365910,1.04,-0.44,Effective
1123,writers,10381,0.25,3.51,138493,15254005,1.06,-0.44,Effective
1032,too long,10381,0.121,3.51,138259,3898526,1.11,-0.44,Effective
272,crude humor,10381,0.237,3.51,138493,18670060,1.05,-0.44,Effective
183,car chase,10381,0.114,3.51,137948,4628218,1.03,-0.44,Effective
64,animation,10381,0.082,3.51,127580,1580047,1.06,-0.44,Effective
280,cyberpunk,10381,0.043,3.51,130113,1723139,1.08,-0.44,Effective
895,script,10381,0.128,3.51,138484,9772194,1.04,-0.44,Effective
630,mars,10381,0.071,3.51,136809,2765129,1.06,-0.44,Effective
156,boring!,10381,0.105,3.51,137153,3917453,1.11,-0.44,Effective
732,nudity (topless),10381,0.165,3.51,137270,5227020,1.08,-0.44,Effective
374,family,10381,0.311,3.5,138493,17355973,1.05,-0.72,Effective
1063,unrealistic,10381,0.084,3.5,137873,4658980,1.04,-0.72,Effective
455,goofy,10381,0.228,3.5,138493,13325520,1.07,-0.72,Effective
88,australian,10381,0.024,3.5,67973,203751,1.04,-0.72,Effective
447,good action,10381,0.247,3.5,138493,16105137,1.06,-0.72,Effective
40,alaska,10381,0.016,3.5,37935,86224,0.95,-0.72,Effective
586,kick-butt women,10381,0.099,3.5,131879,1787236,1.07,-0.72,Effective
914,shark,10381,0.032,3.5,113293,674526,1.06,-0.72,Effective
885,school,10381,0.129,3.5,136219,4024526,1.05,-0.72,Effective
589,kids and family,10381,0.117,3.65,138340,5380588,1.03,3.53,Effective
815,private detective,10381,0.025,3.65,106183,525357,1.05,3.53,Effective
876,sarcasm,10381,0.113,3.65,138391,5799240,1.03,3.53,Effective
287,dark fantasy,10381,0.1,3.65,136812,3314129,1.02,3.53,Effective
446,good acting,10381,0.267,3.65,138493,16889818,0.99,3.53,Effective
1115,wizards,10381,0.051,3.65,132573,1825988,1.03,3.53,Effective
324,dramatic,10381,0.299,3.65,138493,16194545,0.99,3.53,Effective
130,better than the american version,10381,0.038,3.65,82160,304222,1.04,3.53,Effective
364,excellent,10381,0.22,3.65,138493,16510330,0.99,3.53,Effective
859,robert ludlum,10381,0.015,3.65,77401,192178,0.86,3.53,Effective
651,military,10381,0.05,3.64,133427,1808613,1,3.25,Effective
925,slackers,10381,0.038,3.64,117690,997915,1.01,3.25,Effective
870,sacrifice,10381,0.235,3.64,138493,15348624,1,3.25,Effective
1053,underdog,10381,0.131,3.64,138485,9301840,1,3.25,Effective
626,man versus machine,10381,0.035,3.64,131275,1781651,1.03,3.25,Effective
14,9/11,10381,0.016,3.64,45018,142420,0.94,3.25,Effective
629,marriage,10381,0.124,3.64,137838,4198394,1,3.25,Effective
921,simple,10381,0.145,3.64,138493,11270852,1.02,3.25,Effective
938,sophia coppola,10381,0.02,3.64,30066,58977,0.96,3.25,Effective
894,screwball comedy,10381,0.061,3.64,127165,1389595,1.02,3.25,Effective
412,friendship,10381,0.251,3.64,138493,14524693,1.02,3.25,Effective
86,atmospheric,10381,0.27,3.64,138493,16470253,1.01,3.25,Effective
803,post-apocalyptic,10381,0.06,3.64,135957,2891839,1.04,3.25,Effective
190,catholicism,10381,0.062,3.63,103395,591336,1.01,2.96,Effective
159,boxing,10381,0.034,3.63,60012,221132,1.02,2.96,Effective
505,hilarious,10381,0.155,3.63,138489,8464589,1.04,2.96,Effective
598,lawyers,10381,0.07,3.63,135586,2519724,0.94,2.96,Effective
1050,twist ending,10381,0.188,3.63,138484,9690559,1.05,2.96,Effective
26,adolescence,10381,0.137,3.63,137114,3969468,1.01,2.96,Effective
776,pg,10381,0.07,3.63,137471,3471212,1,2.96,Effective
964,star trek,10381,0.013,3.63,98093,425065,1.07,2.96,Effective
875,sappy,10381,0.06,3.63,137887,3695857,1,2.96,Effective
877,satire,10381,0.15,3.63,138346,6398819,1.05,2.96,Effective
570,israel,10381,0.045,3.63,94401,448026,1.04,2.96,Effective
759,oscar (best supporting actress),10381,0.263,3.63,138493,16781357,1.01,2.96,Effective
561,iraq war,10381,0.014,3.63,61778,176944,0.93,2.96,Effective
704,new york,10381,0.096,3.63,137215,2972633,0.99,2.96,Effective
612,los angeles,10381,0.095,3.63,137300,3222852,1.02,2.96,Effective
462,graphic novel,10381,0.082,3.63,135559,3542468,1.04,2.96,Effective
144,blindness,10381,0.134,3.63,138462,6753300,1,2.96,Effective
382,fast paced,10381,0.2,3.63,138493,13525516,1.01,2.96,Effective
542,indiana jones,10381,0.011,3.63,113814,630959,1.04,2.96,Effective
347,emma watson,10381,0.009,3.63,28157,84427,0.95,2.96,Effective
845,reflective,10381,0.281,3.63,138493,16173000,1.01,2.96,Effective
166,broadway,10381,0.035,3.63,96406,476597,1.04,2.96,Effective
802,post apocalyptic,10381,0.06,3.63,136217,2749511,1.05,2.96,Effective
427,geek,10381,0.075,3.63,137694,3093982,1.02,2.96,Effective
123,beauty pageant,10381,0.026,3.63,85983,236852,1.03,2.96,Effective
213,circus,10381,0.023,3.62,51844,118966,0.99,2.68,Effective
386,fbi,10381,0.081,3.62,135734,2816951,0.97,2.68,Effective
172,bullying,10381,0.156,3.62,138479,6921819,1.03,2.68,Effective
171,bullshit history,10381,0.064,3.62,137791,4098306,1.01,2.68,Effective
998,survival,10381,0.183,3.62,138492,11160167,1.01,2.68,Effective
682,murder,10381,0.259,3.62,138492,13881759,1.02,2.68,Effective
1095,voyeurism,10381,0.066,3.62,122598,1193882,1.05,2.68,Effective
456,gore,10381,0.049,3.62,125971,1778876,1.08,2.68,Effective
94,awesome soundtrack,10381,0.204,3.62,138493,14355802,1.02,2.68,Effective
897,secrets,10381,0.276,3.62,138493,16296464,1.01,2.68,Effective
345,effects,10381,0.112,3.62,138449,7483709,1.04,2.68,Effective
1100,watch the credits,10381,0.066,3.62,135753,2732066,1.02,2.68,Effective
687,musicians,10381,0.067,3.62,106858,798721,1.03,2.68,Effective
775,peter pan,10381,0.01,3.61,71484,188255,0.96,2.4,Effective
1093,visuals,10381,0.119,3.61,138464,6603657,1.03,2.4,Effective
659,mockumentary,10381,0.031,3.61,63140,211510,1.05,2.4,Effective
1085,violent,10381,0.267,3.61,138492,13999635,1.03,2.4,Effective
45,aliens,10381,0.074,3.61,137630,3376884,1.05,2.4,Effective
417,funny,10381,0.195,3.61,138493,11137449,1.03,2.4,Effective
192,cerebral,10381,0.289,3.61,138493,16830473,1.02,2.4,Effective
1028,time travel,10381,0.032,3.61,127477,1097276,1.01,2.4,Effective
926,slapstick,10381,0.203,3.33,138491,11505771,1.08,-5.55,Moderate
688,mutants,10381,0.076,3.33,135300,3003751,1.09,-5.55,Moderate
108,based on a comic,10381,0.06,3.33,128529,1680090,1.07,-5.55,Moderate
902,sequels,10381,0.11,3.33,137483,4261053,1.11,-5.55,Moderate
720,notable nudity,10381,0.112,3.33,135399,2811999,1.06,-5.55,Moderate
1014,teen movie,10381,0.213,3.32,138480,9518862,1.08,-5.83,Moderate
879,saturday night live,10381,0.073,3.31,132888,2407131,1.1,-6.11,Moderate
404,fountain of youth,10381,0.023,3.31,52986,137199,1.06,-6.11,Moderate
1105,werewolf,10381,0.075,3.31,118507,1038413,1.08,-6.11,Moderate
503,high school,10381,0.109,3.31,128218,2285005,1.12,-6.11,Moderate
1074,video game,10381,0.076,3.31,135213,2592464,1.08,-6.11,Moderate
62,animals,10381,0.123,3.31,136698,3197803,1.11,-6.11,Moderate
993,surfing,10381,0.022,3.29,26982,43847,1.08,-6.68,Moderate
318,dolphins,10381,0.033,3.29,68603,125912,1.07,-6.68,Moderate
406,franchise,10381,0.199,3.29,138391,8480803,1.1,-6.68,Moderate
101,bad science,10381,0.079,3.29,136226,3139596,1.11,-6.68,Moderate
301,devil,10381,0.058,3.28,119033,980375,1.11,-6.96,Moderate
332,dumb,10381,0.082,3.28,137666,4312352,1.11,-6.96,Moderate
1106,werewolves,10381,0.035,3.28,85842,491218,1.08,-6.96,Moderate
975,strippers,10381,0.024,3.27,69469,218779,1.12,-7.25,Moderate
245,computer game,10381,0.059,3.27,132157,1955661,1.11,-7.25,Moderate
234,comics,10381,0.077,3.27,134552,2435774,1.08,-7.25,Moderate
198,cheesy,10381,0.096,3.26,138014,5032155,1.1,-7.53,Moderate
1017,teens,10381,0.147,3.26,137028,3733107,1.11,-7.53,Moderate
495,hawaii,10381,0.044,3.26,90548,407412,1.04,-7.53,Moderate
256,corny,10381,0.064,3.25,137295,3502492,1.1,-7.82,Moderate
116,basketball,10381,0.024,3.25,67961,222971,1.09,-7.82,Moderate
95,awful,10381,0.099,3.25,137773,3523392,1.17,-7.82,Moderate
1127,zombie,10381,0.111,3.24,123231,1516048,1.11,-8.1,Moderate
673,mountain climbing,10381,0.012,3.24,67532,128523,0.97,-8.1,Moderate
100,bad plot,10381,0.239,3.24,138455,10465610,1.07,-8.1,Moderate
1069,vampires,10381,0.019,3.23,58320,167422,1.08,-8.38,Moderate
476,gross-out,10381,0.028,3.22,109856,837328,1.13,-8.67,Moderate
58,amy smart,10381,0.081,3.22,129924,2002765,1.08,-8.67,Moderate
707,ninja,10381,0.075,3.22,130881,2130218,1.1,-8.67,Moderate
106,baseball,10381,0.008,3.21,43101,97746,1.06,-8.95,Moderate
1068,vampire human love,10381,0.071,3.21,103457,646156,1.12,-8.95,Moderate
38,airplane,10381,0.019,3.2,84866,282597,1.05,-9.23,Moderate
98,bad cgi,10381,0.128,3.2,137834,5412723,1.11,-9.23,Moderate
486,halloween,10381,0.033,3.2,87336,524259,1.15,-9.23,Moderate
729,nudity (rear),10381,0.126,3.2,133456,3102715,1.08,-9.23,Moderate
333,dumb but funny,10381,0.113,3.2,136156,3371621,1.12,-9.23,Moderate
533,idiotic,10381,0.14,3.2,138234,5700095,1.13,-9.23,Moderate
718,not as good as the first,10381,0.05,3.2,131641,1951142,1.08,-9.23,Moderate
392,figure skating,10381,0.012,3.19,12145,16053,1.01,-9.52,Moderate
1067,vampire,10381,0.027,3.19,59787,178768,1.09,-9.52,Moderate
111,based on a tv show,10381,0.048,3.17,124743,1083440,1.12,-10.08,Moderate
479,guilty pleasure,10381,0.066,3.15,135801,2762952,1.09,-10.65,Moderate
177,campy,10381,0.12,3.14,136739,4151605,1.1,-10.94,Moderate
852,ridiculous,10381,0.114,3.12,137579,4851476,1.11,-11.5,Moderate
264,crappy sequel,10381,0.104,3.11,136402,3431996,1.16,-11.79,Moderate
594,lame,10381,0.112,3.11,137869,4781307,1.13,-11.79,Moderate
96,bad,10381,0.114,3.09,137286,4736634,1.12,-12.35,Moderate
23,adapted from:comic,10381,0.101,3.09,133933,2857565,1.13,-12.35,Moderate
501,heroine in tight suit,10381,0.03,3.08,56104,373703,1.08,-12.64,Moderate
978,stupid,10381,0.101,3.06,136912,4235298,1.12,-13.2,Moderate
1077,videogame,10381,0.018,3.06,65709,217346,1.12,-13.2,Moderate
308,disaster,10381,0.143,3.05,137778,5514511,1.09,-13.49,Moderate
927,slasher,10381,0.051,3.02,77645,550836,1.18,-14.34,Moderate
849,remake,10381,0.101,3,126821,2309287,1.13,-14.91,Moderate
102,bad script,10381,0.061,3,123540,1691181,1.14,-14.91,Moderate
979,stupid as hell,10381,0.112,2.99,135776,3634450,1.14,-15.19,Low Impact
521,horrible,10381,0.13,2.98,136347,3992599,1.11,-15.47,Low Impact
1058,unintentionally funny,10381,0.056,2.96,120145,1164348,1.11,-16.04,Low Impact
112,based on a video game,10381,0.053,2.95,114831,1035231,1.12,-16.32,Low Impact
103,bad sequel,10381,0.017,2.94,94369,458629,1.12,-16.61,Low Impact
155,boring,10381,0.127,2.92,136085,3196675,1.14,-17.18,Low Impact
24,adapted from:game,10381,0.031,2.84,56616,177174,1.15,-19.44,Low Impact
1075,video game adaptation,10381,0.028,2.83,57881,212113,1.15,-19.73,Low Impact
934,so bad it's good,10381,0.037,2.75,99597,601723,1.16,-22,Low Impact
1099,waste of time,10381,0.026,2.68,54008,201121,1.15,-23.98,Low Impact
576,japanese,10381,0.046,3.75,75665,458339,1.01,6.37,Effective
600,life,10381,0.175,3.75,138481,8958540,0.96,6.37,Effective
157,boston,10381,0.057,3.75,133403,1713795,0.92,6.37,Effective
422,gangs,10381,0.142,3.75,138443,6681982,0.98,6.37,Effective
527,humanity,10381,0.136,3.75,138473,7566696,0.99,6.37,Effective
408,free speech,10381,0.052,3.75,119044,810926,0.99,6.37,Effective
482,guns,10381,0.085,3.75,137995,5497743,0.97,6.37,Effective
1125,wuxia,10381,0.041,3.75,82284,380742,1.01,6.37,Effective
954,spielberg,10381,0.02,3.75,132024,1742434,0.99,6.37,Effective
684,music,10381,0.103,3.75,137849,3430029,1.02,6.37,Effective
274,cult,10381,0.134,3.74,138464,9378537,1,6.08,Effective
613,love,10381,0.194,3.74,138492,12088230,0.98,6.08,Effective
268,crime,10381,0.164,3.74,138396,7565591,0.97,6.08,Effective
1010,teacher,10381,0.129,3.74,137830,5145076,0.97,6.08,Effective
541,india,10381,0.015,3.74,83415,210216,0.93,6.08,Effective
34,africa,10381,0.047,3.74,119645,869335,0.99,6.08,Effective
1023,texas,10381,0.097,3.74,136081,2748635,0.97,6.08,Effective
824,psychology,10381,0.188,3.74,138468,9729101,0.99,6.08,Effective
799,political corruption,10381,0.072,3.74,132875,1916019,0.9,6.08,Effective
514,hollywood,10381,0.032,3.74,101446,517142,0.97,6.08,Effective
384,father son relationship,10381,0.047,3.74,126163,1384324,0.98,6.08,Effective
789,plot twist,10381,0.161,3.74,138486,10696622,0.97,6.08,Effective
497,heartwarming,10381,0.154,3.74,138478,8402667,0.97,6.08,Effective
778,philip k. dick,10381,0.087,3.74,138133,4384043,0.99,6.08,Effective
671,mother-son relationship,10381,0.055,3.74,102968,541309,0.94,6.08,Effective
312,disturbing,10381,0.199,3.74,138429,8198402,1,6.08,Effective
809,prejudice,10381,0.195,3.74,138493,13554277,0.96,6.08,Effective
3,18th century,10381,0.069,3.74,134645,1990365,0.97,6.08,Effective
401,forceful,10381,0.212,3.74,138493,13219979,0.96,6.08,Effective
774,period piece,10381,0.165,3.74,138490,10419812,0.96,6.08,Effective
461,graphic design,10381,0.081,3.74,138126,3758929,0.98,6.08,Effective
1006,sword fighting,10381,0.04,3.74,124103,1328388,1.02,6.08,Effective
167,brothers,10381,0.146,3.74,138478,7769011,0.98,6.08,Effective
755,oscar (best music - original song),10381,0.056,3.73,130019,1540392,0.98,5.8,Effective
1042,travel,10381,0.048,3.73,133933,1763871,0.98,5.8,Effective
9,1980s,10381,0.112,3.73,138365,6300700,0.98,5.8,Effective
162,breathtaking,10381,0.218,3.73,138492,13333754,0.97,5.8,Effective
267,creepy,10381,0.131,3.73,138204,5232978,1.01,5.8,Effective
458,gory,10381,0.172,3.73,138474,9967468,0.99,5.8,Effective
109,based on a play,10381,0.17,3.73,138412,6643690,0.96,5.8,Effective
518,homosexuality,10381,0.047,3.73,105252,635026,0.98,5.8,Effective
131,biblical,10381,0.033,3.73,116977,867565,1.01,5.8,Effective
1020,tense,10381,0.224,3.73,138486,11696438,0.97,5.8,Effective
683,murder mystery,10381,0.131,3.73,137629,3781038,0.95,5.8,Effective
950,special,10381,0.144,3.73,138493,11593309,0.98,5.8,Effective
354,ensemble cast,10381,0.138,3.73,138474,7529756,0.97,5.8,Effective
1005,sword fight,10381,0.046,3.73,135515,2760308,1,5.8,Effective
994,surprise ending,10381,0.078,3.73,136744,3107694,0.98,5.8,Effective
821,psychiatrist,10381,0.063,3.73,134962,2041671,0.98,5.8,Effective
477,gruesome,10381,0.069,3.73,134073,2524272,1.05,5.8,Effective
260,courage,10381,0.162,3.73,138492,10289648,0.97,5.8,Effective
199,chess,10381,0.034,3.73,112465,569599,0.9,5.8,Effective
173,business,10381,0.077,3.73,136612,2840741,0.92,5.8,Effective
141,black comedy,10381,0.171,3.72,138357,7614072,1,5.52,Effective
656,mistaken identity,10381,0.059,3.72,125094,1005566,0.99,5.52,Effective
733,obsession,10381,0.266,3.72,138490,11929678,0.99,5.52,Effective
708,no dialogue,10381,0.037,3.72,52540,156248,1.03,5.52,Effective
968,stoner movie,10381,0.137,3.72,138163,5745350,1.02,5.52,Effective
179,cancer,10381,0.093,3.72,137938,3408618,0.98,5.52,Effective
908,sexual abuse,10381,0.107,3.72,130569,1996249,0.98,5.52,Effective
767,paranoid,10381,0.188,3.72,138486,11482821,0.99,5.52,Effective
892,scotland,10381,0.038,3.72,108136,521751,0.98,5.52,Effective
399,food,10381,0.019,3.72,67970,156224,0.95,5.52,Effective
283,dance,10381,0.055,3.72,128171,1298686,1.02,5.52,Effective
891,scifi cult,10381,0.069,3.72,137829,4099916,1.01,5.52,Effective
226,cold war,10381,0.08,3.72,134268,2078975,0.95,5.52,Effective
403,foul language,10381,0.119,3.72,138483,8661131,0.99,5.52,Effective
783,pigs,10381,0.051,3.72,126450,1235655,0.96,5.52,Effective
138,bittersweet,10381,0.222,3.72,138492,11431402,0.99,5.52,Effective
262,courtroom,10381,0.07,3.72,133969,2081455,0.92,5.52,Effective
563,irish,10381,0.047,3.72,108010,594445,0.95,5.52,Effective
491,hard to watch,10381,0.084,3.72,129695,1899384,1,5.52,Effective
928,slavery,10381,0.044,3.72,126711,1136364,0.97,5.52,Effective
206,chocolate,10381,0.04,3.72,129390,1234134,1,5.52,Effective
560,iraq,10381,0.032,3.72,100191,518603,0.96,5.52,Effective
326,dreams,10381,0.173,3.72,138486,7992110,1.01,5.52,Effective
793,poker,10381,0.064,3.72,134762,1996907,0.92,5.52,Effective
969,stop motion,10381,0.06,3.72,133913,2367678,1,5.52,Effective
187,casino,10381,0.021,3.72,97762,502550,0.9,5.52,Effective
996,surrealism,10381,0.126,3.72,137368,4079398,1.06,5.52,Effective
628,marijuana,10381,0.045,3.68,104911,983934,1,4.38,Effective
795,police,10381,0.057,3.68,132750,1893157,0.99,4.38,Effective
328,drinking,10381,0.27,3.68,138493,13880392,1,4.38,Effective
184,carrie-anne moss,10381,0.026,3.68,114333,769506,1.02,4.38,Effective
158,bowling,10381,0.031,3.68,67485,239665,1.03,4.38,Effective
590,king arthur,10381,0.02,3.68,92716,271875,1.02,4.38,Effective
545,infidelity,10381,0.102,3.68,132571,2336261,0.98,4.38,Effective
900,sentimental,10381,0.166,3.68,138491,9963310,0.99,4.38,Effective
53,alternate universe,10381,0.075,3.68,138184,4813341,0.99,4.38,Effective
796,police corruption,10381,0.141,3.68,138158,5652355,0.99,4.38,Effective
371,fairy tale,10381,0.079,3.68,138197,4261699,1.01,4.38,Effective
578,jazz,10381,0.029,3.68,83205,368914,0.96,4.38,Effective
265,crazy,10381,0.113,3.68,138384,6479180,1.02,4.38,Effective
543,indians,10381,0.125,3.68,138453,5931675,1,4.38,Effective
251,conspiracy,10381,0.152,3.68,138486,10262293,0.98,4.38,Effective
830,quotable,10381,0.207,3.68,138493,14453032,0.99,4.38,Effective
481,gunfight,10381,0.243,3.67,138493,13929275,1,4.1,Effective
597,lawyer,10381,0.1,3.67,138064,4169249,0.96,4.1,Effective
667,moon,10381,0.032,3.67,120814,733697,1.01,4.1,Effective
246,computers,10381,0.043,3.67,136501,3141953,0.99,4.1,Effective
342,ecology,10381,0.027,3.67,106085,510586,1.02,4.1,Effective
1034,torture,10381,0.178,3.67,138493,12650257,1,4.1,Effective
70,apocalypse,10381,0.115,3.67,138463,8646879,1.02,4.1,Effective
981,stylish,10381,0.205,3.67,138476,9831056,1,4.1,Effective
77,artificial intelligence,10381,0.029,3.67,127232,1371768,1.02,4.1,Effective
847,religion,10381,0.082,3.67,131363,1731190,1.02,4.1,Effective
567,islam,10381,0.125,3.67,137828,3441683,0.98,4.1,Effective
90,author:neil gaiman,10381,0.069,3.67,122108,1109468,0.99,4.1,Effective
1003,sweet,10381,0.148,3.67,138467,7247968,0.99,4.1,Effective
668,moral ambiguity,10381,0.219,3.67,138493,14816464,1,4.1,Effective
846,relationships,10381,0.283,3.67,138493,11324775,1,4.1,Effective
747,oscar (best actress),10381,0.279,3.67,138493,15501419,0.99,4.1,Effective
725,nudity,10381,0.091,3.67,135993,3572684,1.05,4.1,Effective
437,giant robots,10381,0.079,3.67,137238,3354001,1.02,4.1,Effective
336,dystopia,10381,0.093,3.67,137787,4631615,1.02,4.1,Effective
622,mafia,10381,0.06,3.67,129386,1463862,1.01,4.1,Effective
642,memory,10381,0.141,3.67,138483,7122081,1.03,4.1,Effective
621,made for tv,10381,0.093,3.67,132429,1487475,1.03,4.1,Effective
1011,tear jerker,10381,0.087,3.67,137973,3550107,1.01,4.1,Effective
115,based on true story,10381,0.158,3.66,138488,7417568,0.98,3.81,Effective
516,homeless,10381,0.101,3.66,137280,2797474,0.99,3.81,Effective
649,middle east,10381,0.043,3.66,105158,543088,0.96,3.81,Effective
1041,transgender,10381,0.048,3.66,90194,415327,1,3.81,Effective
752,oscar (best effects - visual effects),10381,0.147,3.66,138492,12195365,1,3.81,Effective
823,psychological,10381,0.231,3.66,138488,11438921,1.02,3.81,Effective
691,narrated,10381,0.278,3.66,138493,15603595,1,3.81,Effective
372,fairy tales,10381,0.057,3.66,136972,2718578,0.99,3.81,Effective
717,nostalgic,10381,0.199,3.66,138493,13491505,1.01,3.81,Effective
432,george orwell,10381,0.059,3.66,99905,566044,1,3.81,Effective
60,androids,10381,0.029,3.66,121415,1037900,1.05,3.81,Effective
724,nuclear war,10381,0.028,3.66,122384,887153,1.01,3.81,Effective
564,irish accent,10381,0.179,3.66,138493,13054550,1,3.81,Effective
579,jesus,10381,0.074,3.66,136388,2598353,1.02,3.81,Effective
139,bizarre,10381,0.1,3.66,137590,4165320,1.05,3.81,Effective
528,humor,10381,0.147,3.66,138488,10849078,1.02,3.81,Effective
46,allegory,10381,0.258,3.66,138492,14086485,1.02,3.81,Effective
257,corporate america,10381,0.063,3.66,116236,985522,0.96,3.81,Effective
728,nudity (full frontal),10381,0.095,3.66,130531,2327508,1.06,3.81,Effective
327,dreamworks,10381,0.039,3.66,86398,433118,0.95,3.81,Effective
233,comic book adaption,10381,0.041,3.66,129678,1669076,1.01,3.81,Effective
1066,utopia,10381,0.106,3.66,138428,5367178,1.02,3.81,Effective
1000,suspenseful,10381,0.199,3.66,138492,12087112,1,3.81,Effective
146,bloody,10381,0.164,3.66,138357,7220926,1.03,3.81,Effective
454,good versus evil,10381,0.139,3.66,138483,9233950,1.01,3.81,Effective
862,rock and roll,10381,0.056,3.65,119922,1285806,0.99,3.53,Effective
48,alone in the world,10381,0.075,3.65,138114,3889882,1,3.53,Effective
960,spy,10381,0.087,3.65,137845,3957288,0.98,3.53,Effective
83,assassins,10381,0.072,3.65,135417,2571715,0.96,3.53,Effective
480,gulf war,10381,0.022,3.65,104430,443493,0.98,3.53,Effective
819,prostitution,10381,0.081,3.65,120596,1080202,1.01,3.53,Effective
957,spock,10381,0.021,3.65,89244,302815,1.04,3.53,Effective
648,mexico,10381,0.036,3.61,86296,418884,0.97,2.4,Effective
614,love story,10381,0.241,3.61,138493,13823374,1.02,2.4,Effective
1036,toys,10381,0.028,3.61,127939,1222325,1.03,2.4,Effective
854,road movie,10381,0.17,3.61,138490,7659834,1.04,2.4,Effective
905,sex,10381,0.085,3.61,132081,2190568,1.03,2.4,Effective
530,hunting,10381,0.085,3.61,137376,3606667,0.98,2.4,Effective
1044,treasure hunt,10381,0.06,3.61,137567,3467160,1.01,2.4,Effective
855,road trip,10381,0.094,3.61,135391,3005589,1.04,2.4,Effective
690,mythology,10381,0.116,3.61,138462,7300415,1.03,2.4,Effective
848,remade,10381,0.029,3.61,92665,481267,1.02,2.4,Effective
323,drama,10381,0.361,3.61,138493,17598685,1.01,2.4,Effective
765,parallel universe,10381,0.167,3.61,138492,9358764,1.04,2.4,Effective
147,boarding school,10381,0.026,3.61,81531,338555,0.98,2.4,Effective
448,good dialogue,10381,0.184,3.61,138493,14733907,1.04,2.4,Effective
881,saturn award (best special effects),10381,0.061,3.61,138062,5194593,1.01,2.4,Effective
113,based on book,10381,0.253,3.61,138493,16358352,1.02,2.4,Effective
204,children,10381,0.144,3.6,138446,5907242,1.04,2.11,Effective
1073,very interesting,10381,0.309,3.6,138493,17165821,1.02,2.11,Effective
587,kidnapping,10381,0.121,3.6,138197,4518847,1.01,2.11,Effective
363,evolution,10381,0.038,3.6,95963,509930,1.05,2.11,Effective
376,family drama,10381,0.192,3.6,138493,11583744,1.03,2.11,Effective
1108,whimsical,10381,0.216,3.6,138493,13737504,1.04,2.11,Effective
271,cross dressing,10381,0.048,3.6,119556,755965,1.04,2.11,Effective
1113,witches,10381,0.078,3.6,137170,2954787,1.02,2.11,Effective
275,cult classic,10381,0.268,3.6,138493,14951253,1.04,2.11,Effective
745,oscar,10381,0.237,3.6,138493,17208015,1.02,2.11,Effective
538,immortality,10381,0.111,3.6,138394,5725226,1.05,2.11,Effective
320,dr. seuss,10381,0.019,3.6,67337,221324,0.99,2.11,Effective
361,espionage,10381,0.061,3.6,135236,2356295,0.97,2.11,Effective
1103,weed,10381,0.076,3.6,130743,2086725,1.05,2.11,Effective
610,loneliness,10381,0.321,3.6,138493,17096329,1.03,2.11,Effective
105,bank robbery,10381,0.057,3.6,130565,1582010,0.97,2.11,Effective
907,sexual,10381,0.125,3.6,132193,2756483,1.05,2.11,Effective
525,hostage,10381,0.046,3.6,125793,1311216,0.96,2.11,Effective
351,enigmatic,10381,0.329,3.6,138493,17941886,1.02,2.11,Effective
63,animated,10381,0.048,3.6,121725,1251328,1.02,2.11,Effective
367,exciting,10381,0.15,3.6,138490,11587545,1.02,2.11,Effective
702,new jersey,10381,0.174,3.6,138493,8826416,1.02,2.11,Effective
519,honest,10381,0.259,3.6,138493,17603767,1.02,2.11,Effective
17,abortion,10381,0.02,3.6,49657,111524,0.96,2.11,Effective
420,futuristic,10381,0.108,3.6,138305,5845880,1.04,2.11,Effective
209,christianity,10381,0.036,3.6,91082,476168,1.02,2.11,Effective
596,latin america,10381,0.063,3.6,110642,720428,0.97,2.11,Effective
12,70mm,10381,0.066,3.59,137207,3546466,1.03,1.83,Effective
1082,vigilante,10381,0.082,3.59,135885,2776070,1,1.83,Effective
310,disney animated feature,10381,0.024,3.59,111602,822441,0.98,1.83,Effective
771,passionate,10381,0.256,3.59,138493,17022474,1.04,1.83,Effective
349,end of the world,10381,0.105,3.59,138439,6186106,1.04,1.83,Effective
529,humorous,10381,0.214,3.59,138493,13021869,1.05,1.83,Effective
366,exceptional acting,10381,0.25,3.59,138493,17305192,1.03,1.83,Effective
710,nocturnal,10381,0.246,3.59,138493,15101063,1.05,1.83,Effective
554,interesting,10381,0.32,3.59,138493,18451631,1.02,1.83,Effective
200,chicago,10381,0.026,3.59,110533,563546,0.97,1.83,Effective
701,nerds,10381,0.089,3.59,137519,3457201,1.03,1.83,Effective
107,based on a book,10381,0.274,3.59,138493,14001117,1.04,1.83,Effective
121,beautiful scenery,10381,0.28,3.59,138493,17960016,1.02,1.83,Effective
943,space opera,10381,0.058,3.59,134585,2282862,1.05,1.83,Effective
1107,western,10381,0.046,3.59,105825,579675,1.02,1.83,Effective
686,musical,10381,0.086,3.59,128128,1548325,1.03,1.83,Effective
923,sisters,10381,0.062,3.59,110079,780957,1.01,1.83,Effective
425,gay,10381,0.097,3.59,130989,2123307,1.02,1.83,Effective
1054,underrated,10381,0.228,3.59,138493,17834881,1.02,1.83,Effective
743,original plot,10381,0.241,3.59,138493,17530224,1.02,1.83,Effective
314,doctors,10381,0.183,3.59,138493,11870072,1.02,1.83,Effective
936,social commentary,10381,0.337,3.59,138493,18177765,1.02,1.83,Effective
390,fighting,10381,0.12,3.59,138424,7400253,1.03,1.83,Effective
84,astronauts,10381,0.045,3.59,132599,1453799,1.02,1.83,Effective
313,divorce,10381,0.128,3.59,138344,5525085,1,1.83,Effective
300,detective,10381,0.086,3.58,136178,2629036,1.02,1.55,Effective
860,robot,10381,0.048,3.58,132305,1936481,1.05,1.55,Effective
87,australia,10381,0.076,3.58,124219,1187236,1.02,1.55,Effective
170,buddy movie,10381,0.101,3.58,138406,6823950,1.03,1.55,Effective
1072,very good,10381,0.246,3.58,138493,18292430,1.02,1.55,Effective
599,lesbian,10381,0.048,3.58,94991,581458,1.02,1.55,Effective
601,life & death,10381,0.305,3.55,138493,17860760,1.05,0.69,Effective
663,monster,10381,0.104,3.55,137943,4197187,1.07,0.69,Effective
148,boat,10381,0.049,3.55,126172,993370,1.05,0.69,Effective
693,native americans,10381,0.025,3.55,93666,315919,1,0.69,Effective
787,plot,10381,0.268,3.55,138493,17506201,1.04,0.69,Effective
888,science,10381,0.083,3.55,138079,4247312,1.04,0.69,Effective
574,jane austen,10381,0.028,3.55,66589,172704,1.05,0.69,Effective
1104,weird,10381,0.361,3.55,138493,18741995,1.05,0.69,Effective
911,sexy,10381,0.276,3.55,138493,16261610,1.05,0.69,Effective
982,stylized,10381,0.317,3.55,138493,18439450,1.05,0.69,Effective
953,spiders,10381,0.081,3.55,136941,2716940,1.05,0.69,Effective
816,product placement,10381,0.09,3.55,138124,5009915,1.05,0.69,Effective
358,environmental,10381,0.053,3.55,127876,1193811,1.02,0.69,Effective
1043,treasure,10381,0.035,3.55,129200,1322931,1.02,0.69,Effective
692,nasa,10381,0.027,3.55,116606,579440,1.04,0.69,Effective
1012,technology,10381,0.201,3.55,138493,13706801,1.05,0.69,Effective
952,spelling bee,10381,0.075,3.55,117636,971532,1.03,0.69,Effective
750,oscar (best directing),10381,0.323,3.55,138493,19109892,1.04,0.69,Effective
128,betrayal,10381,0.312,3.55,138493,18777710,1.04,0.69,Effective
553,intense,10381,0.313,3.55,138493,18450726,1.05,0.69,Effective
1084,violence,10381,0.307,3.54,138493,16361722,1.05,0.41,Effective
664,monsters,10381,0.082,3.54,137575,3580578,1.06,0.41,Effective
49,alter ego,10381,0.202,3.54,138493,16228074,1.04,0.41,Effective
548,inspirational,10381,0.197,3.54,138493,15202743,1.05,0.41,Effective
270,criterion,10381,0.388,3.54,138493,19486685,1.05,0.41,Effective
995,surreal,10381,0.235,3.54,138492,10933837,1.09,0.41,Effective
418,funny as hell,10381,0.125,3.54,138381,5685515,1.07,0.41,Effective
292,death,10381,0.302,3.54,138493,18317814,1.05,0.41,Effective
258,corruption,10381,0.319,3.54,138493,19167611,1.04,0.41,Effective
722,nuclear,10381,0.027,3.54,112631,648017,1.01,0.41,Effective
523,horses,10381,0.042,3.54,102660,460166,1.03,0.41,Effective
932,snakes,10381,0.083,3.54,138022,4392730,1.05,0.41,Effective
266,creativity,10381,0.255,3.54,138493,17357357,1.05,0.41,Effective
536,imdb top 250,10381,0.332,3.54,138493,19267313,1.05,0.41,Effective
603,light,10381,0.305,3.54,138493,19146034,1.05,0.41,Effective
679,multiple storylines,10381,0.227,3.54,138493,16051574,1.06,0.41,Effective
865,romantic comedy,10381,0.124,3.54,138260,4888680,1.02,0.41,Effective
863,romance,10381,0.241,3.54,138493,13039580,1.05,0.41,Effective
1091,visually appealing,10381,0.361,3.54,138493,19499011,1.05,0.41,Effective
474,grindhouse,10381,0.266,3.54,138493,19243869,1.05,0.41,Effective
719,not funny,10381,0.301,3.54,138493,19460011,1.05,0.41,Effective
1051,twists & turns,10381,0.323,3.54,138493,19159593,1.05,0.41,Effective
99,bad ending,10381,0.229,3.54,138493,16215815,1.05,0.41,Effective
203,childhood,10381,0.326,3.54,138493,19271190,1.05,0.41,Effective
472,greed,10381,0.34,3.54,138493,19331083,1.05,0.41,Effective
368,existentialism,10381,0.264,3.54,138493,16431923,1.06,0.41,Effective
1064,unusual plot structure,10381,0.32,3.54,138493,19428648,1.05,0.41,Effective
882,scary,10381,0.193,3.54,138492,12843067,1.07,0.41,Effective
850,revenge,10381,0.271,3.54,138493,17850095,1.05,0.41,Effective
346,egypt,10381,0.039,3.53,124807,1050997,1.05,0.13,Effective
742,original,10381,0.731,3.53,138493,19800443,1.05,0.13,Effective
861,robots,10381,0.045,3.53,130523,1751750,1.08,0.13,Effective
609,lone hero,10381,0.276,3.53,138493,19584603,1.05,0.13,Effective
585,justice,10381,0.289,3.53,138493,19378297,1.05,0.13,Effective
999,suspense,10381,0.326,3.53,138493,19340256,1.05,0.13,Effective
355,entertaining,10381,0.262,3.53,138493,17846671,1.05,0.13,Effective
188,catastrophe,10381,0.451,3.53,138493,19800443,1.05,0.13,Effective
378,fantasy world,10381,0.324,3.53,138493,19667370,1.05,0.13,Effective
396,first contact,10381,0.311,3.53,138493,19799211,1.05,0.13,Effective
21,adaptation,10381,0.374,3.53,138493,19799133,1.05,0.13,Effective
1070,vengeance,10381,0.338,3.53,138493,19690042,1.05,0.13,Effective
302,dialogue,10381,0.491,3.53,138493,19800443,1.05,0.13,Effective
867,runaway,10381,0.417,3.53,138493,19798134,1.05,0.13,Effective
195,chase,10381,0.342,3.53,138493,19130783,1.05,0.13,Effective
1040,transformation,10381,0.311,3.53,138493,19672806,1.05,0.13,Effective
1112,witch,10381,0.042,3.53,125470,1176396,1.05,0.13,Effective
646,mentor,10381,0.53,3.53,138493,19800443,1.05,0.13,Effective
844,redemption,10381,0.353,3.53,138493,19602801,1.05,0.13,Effective
208,christian,10381,0.041,3.53,119677,802749,1.02,0.13,Effective
356,entirely dialogue,10381,0.314,3.53,138493,19797954,1.05,0.13,Effective
602,life philosophy,10381,0.386,3.53,138493,19788845,1.05,0.13,Effective
169,brutality,10381,0.409,3.53,138493,19798515,1.05,0.13,Effective
640,melancholic,10381,0.385,3.53,138493,19708925,1.05,0.13,Effective
468,great ending,10381,0.5,3.53,138493,19800330,1.05,0.13,Effective
452,good soundtrack,10381,0.456,3.53,138493,19798014,1.05,0.13,Effective
